abstract;URL;title;date;numPage;language;doi;volume;
NULL;http://dx.doi.org/10.1055/a-1229-5048;COVID-19 COVID-19 COVID-19 COVID-19 COVID-19 COVID-19;11/3/2020;173;de;;36;
N/A;http://dx.doi.org/10.26524/royal.37.21;MANAGEMENT STRATEGIES OF COVID - 19;9/29/2020;221;N/A;;N/A;
N/A;http://dx.doi.org/10.26524/royal.37.15;PSYCHOLOGICAL IMPACT OF COVID-19;6/10/2021;175;N/A;;N/A;
N/A;http://dx.doi.org/10.26524/royal.37.25;THE WORLD AFTER COVID -19;11/2/2020;253;N/A;;N/A;
N/A;http://dx.doi.org/10.26524/royal.3718;INFLUENCE OF COVID-19 AT GLOBAL LEVEL;9/23/2020;198;N/A;;N/A;
N/A;http://dx.doi.org/10.26524/royal.37.18;INFLUENCE OF COVID-19 AT GLOBAL LEVEL;9/30/2020;198;N/A;;N/A;
N/A;http://dx.doi.org/10.26524/royal.37.17;IMPACT OF COVID-19 ON ACADEMICS AND RESEARCH;9/29/2020;191;N/A;;N/A;
N/A;http://dx.doi.org/10.26524/royal.37.27;THE GLOBAL COUNTRY WISE STATISTICS ON COVID-19;9/29/2020;269;N/A;;N/A;
N/A;http://dx.doi.org/10.26524/royal.37.20;IMPACT OF COVID 19 ON THE GLOBAL ECONOMY;9/29/2020;213;N/A;;N/A;
N/A;http://dx.doi.org/10.26524/royal.37.26;THE GLOBAL RACE FOR MOST AWAITED VACCINE AGAINST COVID-19;9/29/2020;261;N/A;;N/A;
N/A;http://dx.doi.org/10.26524/royal.37.22;EMERGENCE OF ONLINE LEARNING ON COVID 19;9/29/2020;229;N/A;;N/A;
N/A;http://dx.doi.org/10.26524/royal.37.9;IMMUNE RESPONSE TO COVID-19 INFECTION;9/29/2020;127;N/A;;N/A;
N/A;http://dx.doi.org/10.26524/royal.37.16;IMPACT OF COVID-19 ON AERONAUTICAL ENGINEERING;9/29/2020;183;N/A;;N/A;
N/A;http://dx.doi.org/10.26524/royal.37.5;NEUROLOGICAL IMPACT OF COVID-19 PANDEMIC: LESSONS & CAUTIONS;9/29/2020;83;N/A;;N/A;
N/A;http://dx.doi.org/10.26524/royal.37.19;INFLUENCE OF COVID-19 ON BUSINESS; MARKETING AND SUPPLY;10/21/2020;207;N/A;;N/A;
N/A;http://dx.doi.org/10.26524/royal.37.28;ADMINISTRATION OF CURRENT MEDICINE AGAINST COVID-19;10/21/2020;277;N/A;;N/A;
N/A;http://dx.doi.org/10.1158/1557-3265.covid-19-ia26;Abstract IA26: Understanding the impact of COVID in cancer patients through the COVID-19 and Cancer (CCC-19) and other COVID consortiums;12/3/2020;N/A;N/A;;N/A;
N/A;http://dx.doi.org/10.26524/royal.37.13;ROLE OF INFORMATION SCIENCE DURING COVID -19;5/19/2021;156;N/A;;N/A;
N/A;http://dx.doi.org/10.26524/royal.37.29;DEVELOPMENT OF VACCINATION DURING COVID 19;10/9/2020;284;N/A;;N/A;
N/A;http://dx.doi.org/10.26524/royal.37.6;IMPACTS OF THE COVID-19 PANDEMIC ON GLOBAL EDUCATION;2/9/2021;94;N/A;;N/A;
N/A;http://dx.doi.org/10.5603/fc.2021.0010;COVID-19 complications â€” new types of cardiovascular disease in 2021? A few comments on: COVID-19; post-COVID syndrome and the LONG COVID syndrome;3/15/2021;73;N/A;;N/A;
N/A;http://dx.doi.org/10.26524/royal.37.4;THE EMERGENCE OF COVID-19 AND ITS SPREAD ALONG WITH SYMPTOMS;3/27/2021;72;N/A;;N/A;
N/A;http://dx.doi.org/10.23880/oajprs-16000135;SARS-CoV-2 (COVID-19) Variants and COVID-19 Vaccine Efficacy;5/27/2021;N/A;N/A;;N/A;
N/A;http://dx.doi.org/10.26524/royal.37.23;ROLE OF HEALTHCARE PROFESSIONALS IN COVID-19 SITUATION;4/26/2021;238;N/A;;N/A;
N/A;http://dx.doi.org/10.1093/law-occ19/e15.013.15;Canada: Legal Response to Covid-19;4/30/2021;N/A;N/A;;N/A;
COVID-19 cases were first reported in December 2019; and since then it has spread quickly to create a global pandemic. This respiratory disease is caused by the SARS-CoV-2 virus. A major contributing factor for the fast spread of this virus is that the infectivity by the asymptomatic carriers is similar to symptomatic patients. Thus; to identify the asymptomatic individuals and to provide the essential treatment and care to COVID-19 patients; we rely heavily on diagnostic assays. Efficient; reproducible and accessible diagnostic tests are crucial in combatting a pandemic. Currently; there are few key detection tests which have been successfully employed to field-use. However; there are constant efforts to enhance their efficacy and accessibility. This chapter aims at explaining the basic principles of the current molecular diagnostic tests; which determine the presence of the virus through the detection of its genetic material. This chapter will aid the readers in understanding the basic workings of these molecular diagnostic tests.;N/A;N/A;N/A;N/A;N/A;;N/A;
N/A;http://dx.doi.org/10.1093/law-occ19/e4.013.4;New Zealand: Legal Response to Covid-19;4/30/2021;N/A;N/A;;16;
N/A;http://dx.doi.org/10.1093/law-occ19/e5.013.5;Chile: Legal Response to Covid-19;4/30/2021;N/A;N/A;;N/A;
N/A;http://dx.doi.org/10.1093/law-occ19/e12.013.12;Sweden: Legal Response to Covid-19;4/30/2021;N/A;N/A;;6;
N/A;http://dx.doi.org/10.1093/law-occ19/e7.013.7;Serbia: Legal Response to Covid-19;4/30/2021;N/A;N/A;;N/A;
N/A;http://dx.doi.org/10.1093/law-occ19/e17.013.17;United Kingdom: Legal Response to Covid-19;4/29/2021;N/A;N/A;;N/A;
 By the end of the year 2019; in the month of November first pneumonia-like case of COVID-19 was detected in an individual aged 55Â years in the Hubei Province of Central China. However the â€˜patient zeroâ€™ or the first patient contracted with the disease is still unknown; but it is speculated that first contraction with virus occurred in Wuhan province of China. The rate by which the number of cases of the disease surged in China was remarkable and by the mid of January 2020 cases begin to appear in different parts of the world. WHO declared the COVID-19 outbreak a Public Health Emergency of International Concern by the end of January 2020. Researchers from different parts of the world continue to study the pathogenesis and spread pattern of this disease. This chapter emphasizes upon some of the prominent studies in the field of COVID-19 researches from India. It also focuses upon the ACE2 gene polymorphism which has decreased the susceptibility against the virus amongst human population; and explains how at the molecular level ACE2 receptor concentration may affect the entry of the virus into the host cell. It also highlights the impact of the viral RNA on mitochondrial machinery of the host cell and how it instigates a pro-inflammatory response by declining the efficiency of immune system in whole. We also aim to highlight two potential drug candidates of COVID-19 and how these are performing against the virus according to several studies.</jats:p>;http://dx.doi.org/10.1093/law-occ19/e9.013.9;France: Legal Response to Covid-19;4/30/2021;N/A;N/A;;N/A;
N/A;http://dx.doi.org/10.1093/law-occ19/e14.013.14;Mexico: Legal Response to Covid-19;4/30/2021;N/A;N/A;;N/A;
N/A;http://dx.doi.org/10.18231/j.ijirm.2020.017;Status of hydroxychloroquine: COVID disease management protocol;5/10/2020;10;N/A;;N/A;
N/A;http://dx.doi.org/10.18231/j.ijirm.2020.019;Can ivermectin be used to treat SARS-COVID-2?;6/2/2021;16;N/A;;N/A;
N/A;http://dx.doi.org/10.1136/bmj.m3616;Letâ€™s stop talking about covid-safe and covid-secureâ€”itâ€™s covid-mitigated;9/26/2020;3616;en;;N/A;
N/A;http://dx.doi.org/10.3390/covid1010001;COVID: A New Peer-Reviewed Journal on Coronaviruses and Coronaviruses-Diseases;2/14/2021;1;en;;N/A;
 In the present chapter; some notable features (epidemiology; pathogenesis; and clinical characteristics) regarding recent outbreak COVID-19 have been reviewed. Most significant features related to COVID-19 such as (i) roots of infection and disease manifestation; (ii) shape and structure of viral S-protein; (iii) genome sequence study and replication in host cell; (iv) role of environmental factors; (v)Â diagnosis tools and (vi) role of biosensor have been critically investigated. The biological and behavioral risk factors for pregnant women before and after child birth have been dictated clearly. Pulmonary abnormalities due to COVID-19 of the patient having diabetes; cancer etc. history have been clarified with help of CT imaging. Finally; prevention and cure strategies adopted by many health professionals based on the existing drugs are mentioned with their side effects.</jats:p>;N/A;N/A;N/A;N/A;N/A;;N/A;
N/A;http://dx.doi.org/10.2174/2666958702101010020;Pharmacovigilance; and COVID-19;3/16/2021;21;en;;N/A;
N/A;http://dx.doi.org/10.18231/j.ijirm.2020.023;COVID-19: A â€˜Violentâ€™ pandemic for health care workers in India;6/3/2021;40;N/A;;N/A;
N/A;http://dx.doi.org/10.4324/9781003111344-2;COVID society;6/10/2021;13;N/A;;N/A;
N/A;http://dx.doi.org/10.4324/9781003108924-13;Covid-19;4/2/2021;155;N/A;;N/A;
N/A;http://dx.doi.org/10.26419/res.00414.001;Drivers and Barriers to Living in a Multigenerational Household Pre-COVID â€“ Mid-COVID;1/15/2021;N/A;N/A;;N/A;
N/A;http://dx.doi.org/10.1201/9781003104124-2;COVID-19 Background;2/18/2021;16;N/A;;N/A;
N/A;http://dx.doi.org/10.1016/b978-0-323-82860-4.00001-x;Life after COVID-19: Future directions?;6/4/2021;226;N/A;;1;
N/A;http://dx.doi.org/10.4324/9781003154037-17;Turkey and Covid-19;5/4/2021;175;N/A;;1;
N/A;http://dx.doi.org/10.4324/9781003142065-1;COVID-19;4/2/2021;8;N/A;;N/A;
N/A;http://dx.doi.org/10.4324/9781003154037-15;Spain and Covid-19;5/4/2021;148;N/A;;N/A;
N/A;http://dx.doi.org/10.4324/9781003154037-26;Kenya and Covid-19;5/4/2021;263;N/A;;1;
N/A;http://dx.doi.org/10.4324/9781003111344-3;Contextualising COVID-19;6/16/2021;24;N/A;;N/A;
N/A;http://dx.doi.org/10.22541/au.162172392.28881736/v1;From COVID-19 or because COVID-19?;5/23/2021;N/A;N/A;;1;
N/A;http://dx.doi.org/10.1038/s41598-021-91114-5;SEAMHCRD deterministic compartmental model based on clinical stages of infection for COVID-19 pandemic in Sultanate of Oman;6/7/2021;N/A;en;;N/A;
 The COVID-19 pandemic has affected more than 125 million lives worldwide and more than 2.5 million people have died so far. Cancer in itself increases the risk of infection especially; cancer patients undergoing cancer-associated treatments are more susceptible to SARS-CoV2 infection. However; many questions related to the biological interconnection between the two diseases remain to be answered. This chapter summarizes some of the biological components that connect cancer to COVID-19 and provide knowledge to not only understand but also; target the co-morbidities.</jats:p>;N/A;N/A;N/A;N/A;N/A;;1;
N/A;http://dx.doi.org/10.18535/jmscr/v8i11.13;One Fast Hugs Bid COVID: COVID Care Bundle Modified Mnemonic to Facilitate COVID 19 Critical Care Medicine;11/3/2020;N/A;N/A;;N/A;
N/A;http://dx.doi.org/10.31219/osf.io/dt45z;COVID-19 Safety Tips - Ð¡Ð¾Ð²ÐµÑ‚Ñ‹ Ð¿Ð¾ Ð±ÐµÐ·Ð¾Ð¿Ð°ÑÐ½Ð¾ÑÑ‚Ð¸ COVID-19 (English + Russian);6/4/2020;N/A;N/A;;N/A;
N/A;http://dx.doi.org/10.31219/osf.io/2dwua;COVID-19 Safety Tips - Consejos de seguridad COVID-19- (English + Spanish);6/4/2020;N/A;N/A;;N/A;
N/A;http://dx.doi.org/10.5194/egusphere-egu21-1266;&#160;The Climate Response to Emissions Reductions due to COVID-19;3/4/2021;N/A;N/A;;N/A
N/A;http://dx.doi.org/10.4324/9781003154037-7;Nepal and Covid-19 1;5/18/2021;73;N/A;;N/A;
N/A;http://dx.doi.org/10.4324/9781003095590-6;COVID-19;5/21/2021;105;N/A;;N/A;
N/A;http://dx.doi.org/10.2174/2666796701999201026205030;COVID-19 Pandemic: Care for Indian Cancer Patients;6/4/2021;404;en;;N/A;
 As mentioned in Chapter 1; the tourism and hospitality sector was particularly vulnerable to the COVID-19 crisis; especially in destinations like Aruba that were so dependent on tourism. This vulnerability has already been highlighted throughout the book; but Chapter 5 will look in more detail at the economic; social and environmental impacts of COVID-19. Most of the studies to date about the consequences of the pandemic have emphasized the economic impacts; so a synopsis of those studies will be provided. However; there have been significant social and environmental impacts from the crisis that have affected the travel sector; so these are also discussed in this chapter.</jats:p>;http://dx.doi.org/10.31235/osf.io/n8yp6;Patient-made Long Covid changed COVID-19 (and the production of science; too);2/9/2021;N/A;N/A;;N/A;
N/A;N/A;N/A;N/A;N/A;N/A;;N/A;
N/A;http://dx.doi.org/10.20944/preprints202004.0432.v1;Nitazoxanide/Azithromycin Combination for COVID-19: A Suggested New Protocol for COVID-19 Early Management;12/25/2020;N/A;N/A;;N/A;
N/A;http://dx.doi.org/10.5772/intechopen.96199;Molecular Biology of PCR Testing for COVID-19 Diagnostics;2/26/2021;N/A;N/A;;N/A;
N/A;http://dx.doi.org/10.4324/9781003108924-3;Covid-19;4/7/2021;34;N/A;;N/A;
N/A;http://dx.doi.org/10.26524/royal.37;COVID-19 Pandemic update 2020;9/30/2020;N/A;N/A;;N/A;
N/A;http://dx.doi.org/10.17161/rrnmf.v1i3.14522;Covid-19 and Covid-1619;7/30/2020;1;N/A;;N/A;
N/A;http://dx.doi.org/10.2174/2666796701999201203210852;Coronavirus (Covid-19) and employee health;12/4/2020;N/A;en;;11;
N/A;http://dx.doi.org/10.22541/au.158872328.86968358;COVID-19 infection thrombosis due to hemagluttination of antibodies and COVID-19 antigens bound to erythrocytes;5/6/2020;N/A;N/A;;N/A;
N/A;http://dx.doi.org/10.1136/bmj.m2623;Covid-19: RCGP apologises for covid-19 â€œlifestyleâ€ event title;9/26/2020;2623;en;;N/A;
N/A;http://dx.doi.org/10.1158/1557-3265.covid-19-ia17;Abstract IA17: Ethics; cancer; and COVID;12/3/2020;N/A;N/A;;N/A;
N/A;http://dx.doi.org/10.1186/isrctn14212905;Understanding how COVID-19 leads to respiratory failure in COVID-19 positive patients;7/22/2020;N/A;N/A;;N/A;
N/A;http://dx.doi.org/10.20506/bull.2020.nf.3137;Overcoming the impact of COVID-19 on animal welfare: COVID-19 Thematic Platform on Animal Welfare;1/11/2021;N/A;N/A;;N/A;
N/A;http://dx.doi.org/10.47919/fmga.oc20.0008;COVID E INTIMIDAD;10/28/2020;N/A;N/A;;N/A;
N/A;http://dx.doi.org/10.29315/gm.v7i1.312;Pandemia COVID-19;3/30/2021;N/A;N/A;;N/A;
N/A;http://dx.doi.org/10.2174/2666796702666210301124727;Economic Fluctuations- the Aftermath of COVID 19 Pandemic;3/3/2021;N/A;en;;8;
N/A;http://dx.doi.org/10.2174/2666796702666210121144902;Adjuvant Therapies of COVID-19 â€“ A Literature Review;1/31/2021;N/A;en;;N/A;
N/A;http://dx.doi.org/10.2174/2666796701999201204120422;Recent developments and opportunities in fighting COVID-19;12/5/2020;N/A;en;;N/A;
 The ability of a new vaccine design based on control the intracellular physiological consequences of both the electrical properties and the electromagnetic radiation interactions between a virus and a host cell; which is a method to strengthen immune system develop protection against COVID-19 and new strains. The capacity of COVID-19 to bind to angiotensin-converting enzyme 2 (ACE2) and immune evasion mechanisms are only one of the properties required to stimulate a preventative immune response. In this chapter; a multidimensional new strategy is used to exemplify the empowerment function intracellular and extracellular level information can play in the support of immunogen against COVID-19 pathogens. Besides during this chapter; the nature of electromagnetic radiation is described as a vibrating string based on a string-theory and unification of electromagnetic radiation and gravitational waves by supporting with multiple cites strong evidence. Overall; we demonstrate a new approach to understand the important role of the physiological consequences of the interplay between the immune system and COVID-19 and designing vaccine strategy immunogens that take advantage of that information against COVID-19 and new strains.</jats:p>;http://dx.doi.org/10.1016/b978-0-12-824003-8.00002-4;Pathogenesis of COVID-19;11/13/2020;11;N/A;;N/A;
 In the pandemic of COVID-19; while living normals have been changing; there have been a huge effort globally to find out effective and safe treatment agents and vaccines. As of now; the advances show the progress in vaccine development; however the treatment of the COVID-19 is yet not fully specified. The drugs; i.e. antibiotics; antivirals; antimalarians; even anti-HIV agents which have been known already were taken out of the shelves and brought into use in different combinations. On the other hand; the cellular treatment; more specifically the mesenchymal stem cell therapy has been encouraged; resulting in various evidence published all over the world. This chapter aims to compile the published information; in means of methods; disease manifestations; results and limitations; about the stem cell treatment of the COVID-19 and to provide a source of harmonized reference for scientific society.</jats:p>;N/A;N/A;N/A;N/A;N/A;;N/A;
N/A;http://dx.doi.org/10.1016/b978-0-12-824003-8.00003-6;Clinical features of COVID-19;11/13/2020;39;N/A;;N/A;
N/A;http://dx.doi.org/10.1016/b978-0-12-824003-8.00005-x;Treatment of COVID-19;11/13/2020;74;N/A;;N/A;
N/A;http://dx.doi.org/10.1016/b978-0-12-824003-8.00001-2;Respiratory virus and COVID-19;11/13/2020;6;N/A;;2;
N/A;http://dx.doi.org/10.1016/b978-0-12-824003-8.00004-8;Diagnosis of COVID-19;11/13/2020;54;N/A;;N/A;
N/A;http://dx.doi.org/10.1201/9781003104124-5;Challenges of Managing Cybersecurity at COVID-19;5/6/2021;118;N/A;;N/A;
N/A;http://dx.doi.org/10.5772/intechopen.96397;COVID-19 Researches: Where India Stands So Far?;3/8/2021;N/A;N/A;;N/A;
N/A;http://dx.doi.org/10.2174/2666796701999201116212443;COVID-19 Effect: Time to Change the Way of Research;11/20/2020;N/A;en;;N/A;
N/A;http://dx.doi.org/10.1101/2020.07.26.20162008;COVID-19 mild cases determination from correlating COVID-line calls to reported cases;3/31/2021;N/A;N/A;;N/A;
 Since the outbreak of the novel SARS-CoV-2; machine learning and artificial intelligence (ML/AI) have become the powerful marketing tools to mitigate economic activities during COVID-19 pandemic. The goal of ML/AI technology is to provide data and insights so that brands can understand whatâ€™s working and whatâ€™s not. This will help marketers understand and anticipate what sort of communications work and how to deliver them. Therefore; these are such promising methods employed by various marketing providers. AI uses machine learning to adapt and make changes which impact marketing in real time. The exact impact of events such as the COVID-19 pandemic is hard to predict; but AI will help us track and anticipate these circumstances; as well as provide us with the data needed to proceed. This chapter deals with recent studies that use such advanced technology to increase researchers from different perspectives; address problems and challenges by using such an algorithm to assist marketing experts in real-world issues. This chapter also discusses suggestions conveying researchers on ML/AI-based model design; marketing experts; and policymakers on few errors encountered in the current situation while tackling the current pandemic.</jats:p>;N/A;N/A;N/A;N/A;N/A;;N/A;
 In the face of an increasingly competitive and global market; where communication channels are massified and where information sharing between consumers occurs in such a fast and uncontrolled way; brands need to reinvent their communication plans; with the aim of focus on the emotional side of the consumer. Thus; in this context; the integrated communication mix emerges as a competitive strategy to meet the needs of consumers. Therefore; the main objective of this chapter is to understand the role of the Integrated Marketing Communications in the context of an organization linked to ecological tours. This chapter presents contributions to the area of marketing and communication (integrated); tourism (ecological) and a response to the pandemic and post-pandemic scenario (i.e.; covid-19); at the level of response strategies in the context of a pandemic in 2020 (through digital communication channels). A qualitative methodology was adopted; using semi-structured interviews with organizational managers in the context of ecological tours in Portugal (i.e.; Ekoeasy case study). Ecotourism as a concept is neither easy to define; nor to implement. Ecotourism is a complex concept as it involves specialised niche markets that can share a lot of characteristics; preferences and motivations or vary for the same reasons. Future studies should allow to complement the present investigation; through empirical study and quantitative nature (i.e.; questionnaires to tourist consumers in the North of Portugal).</jats:p>;http://dx.doi.org/10.2174/2666796701666210108120344;Cellular senescence and COVID-19;1/11/2021;N/A;en;;N/A;
<p>This short postscript was written in early June 2020 after the book was largely complete; to consider the important implications that the procedural justice perspective has for the policing of emergencies that require significant restrictions of citizensâ€™ freedom. The chapter summarises how the pandemic emerged in the UK over the first five months of 2020. It discusses how the government advice and requirements were more far-reaching and intrusive than the emergency legislation; and how this initially created tensions. The police response improved; with effective guidance from their profession bodies; stressing a graduated approach to enforcement. However; the government response suffered from a series of misjudgements and scandals that seriously dented public trust and reduced public compliance with government requirements.</p>;N/A;N/A;N/A;N/A;N/A;;1;
N/A;http://dx.doi.org/10.1201/9781003137481-12;Data Analytics for COVID-19;4/2/2021;254;N/A;;1;
N/A;http://dx.doi.org/10.4324/9781003108924-23;Covid-19;4/2/2021;294;N/A;;N/A;
 The oil market is experiencing unprecedented dislocations in 2020. The industry is trying to cope with the biggest slump in demand ever recorded; as governments around the world try to tackle the COVID-19 pandemic. Will oil demand return to a pre-pandemic â€˜normalâ€™; or will the outbreak hasten a peak in oil demand? Will patterns of oil consumption change and; if so; what pressures will that place on an industry already struggling to adapt to growing environmental concerns and a demand for carbon-free energy? The paper will explore the options.</jats:p>;http://dx.doi.org/10.4324/9781003108924-6;Will COVID-19 Kill Globalization? 1;4/2/2021;73;N/A;;N/A;
 This chapter examines the impact of both the COVID-19 pandemic and AI on the world of work. Both have created further uncertainty and ambiguity in the labour market landscape. In dealing with high uncertainty; developing both organisational and adaptability skillsets is critical to success; and a dynamic approach may be suitable to enhance skill-building.</jats:p>;http://dx.doi.org/10.4324/9781003108924-11;Covid-19;4/2/2021;139;N/A;;N/A;
 The travel and tourism sector was hit more rapidly and deeply by COVID-19 than most other sectors. Recovery to pre-COVID-19 activity levels is likely to be prolonged; and questions are raised whether enforced change in consumer behaviour will have long-term effects. The travel and tourism sector has a history of reinventing itself; and previous predictions of decline following crises have often been short-lived. This chapter reviews historical precedents and theories of consumer behaviour to explore whether recovery will be different this time round; especially given the possible habit breaking effects of online substitutes; and political expediency of reducing causes of climate change.</jats:p>;N/A;N/A;N/A;N/A;N/A;;N/A;
 When disaster strikes; the weak suffer mightily; the strong only slightly. That is the lesson from stock market reactions to COVID-19. Strong firms had a robust financial position; advanced environmental and social performance; and were not severely exposed to social distancing and lockdowns. Firms with significant international exposure suffered more; at least at first. The ultimate effects of policy interventions; including those by central banks; have yet to be revealed. The market recovery in the second quarter of 2020 is like a patient recovering from COVID-19: hopeful but still uncertain. Managers and policymakers should project the future with great caution.</jats:p>;http://dx.doi.org/10.2174/2666796701999210101151035;Psychological Impact of Coronavirus (COVID-19) Disease on Cancer Patients;1/3/2021;N/A;en;;N/A;
 COVID-19 and the lockdowns have had a big global economic effect; as well as increasing mortality. We examine the effects of COVID-19 and the resulting relaxations of pension regulations on pension schemes. Those who transfer their pension or withdraw cash from their pension pot while asset prices are depressed by COVID-19 are losers; as are members of defined benefit schemes with a deficit whose employer fails due to COVID-19. The increased mortality from COVID-19 will have a minimal effect on pensions. If economies recover to pre-COVID-19 levels; the long run effects on pensions should be small.</jats:p>;http://dx.doi.org/10.1101/2020.10.11.20211052;COVID-CT-Mask-Net: Prediction of COVID-19 from CT Scans Using Regional Features;1/2/2021;N/A;N/A;;N/A;
 The European football industry has suffered an unprecedented shock from COVID-19. In this chapter; we reflect on how the sportâ€™s administrators responded to the initial outbreaks and what lessons can be learned. We also look ahead to what football in the post-COVID-19 era could look like. We conclude that this largely depends on the decisions now facing the sportâ€™s administrators and the powerful owners of the biggest football clubs: will they prioritise football as the inclusive and diverse game; at the heart of local communities? Or will their intrinsic financial interests dominate?</jats:p>;http://dx.doi.org/10.26419/res.00414.007;Living in a Multigenerational Household Pre-COVID / Mid-COVID Among Hispanics in the U.S. Infographic;1/15/2021;N/A;N/A;;N/A;
N/A;N/A;N/A;N/A;N/A;N/A;;N/A;
 Millions of lives throughout the globe are under threat due to the COVID-19 pandemic. COVID-19 causes severe respiratory tract infections. In most countries COVID-19 Infections and deaths continue to soar despite the various measures put in place by the World Health Organization. These measures include limited mobility through lock down and banning international travelers. Furthermore; social distancing; wearing masks; frequent hand washing with soap and sanitizing were undertaken to slow down the rate of the virus spread. Only few countries like South Korea have been able to contain the virus to date. Our only hope is in biotechnology which have been used to develop diagnostic kits and more recently approved vaccines: vaccines by Pfizer-BioNTech and Moderna; AstraZeneca and Oxford University vaccine; Sputnik V vaccine; Sinopharm and the Beijing Institute of Biological Products vaccine. However; the vaccines are yet to reach the majority of the world population. Hence; there is need for concerted effort among governments and non-governmental organizations in all nations to develop the necessary infrastructures to step up vaccine production; and procurement as well as vaccination programmes. There is need for continued effort in biotechnology; to develop COVID-19 therapeutic drugs.</jats:p>;http://dx.doi.org/10.31219/osf.io/nsm2u;Reflection of COVID Frontline Worker based on familyâ€™s experience with COVID infection;1/22/2021;N/A;N/A;;2;
 Atmospheric oxygen is an indispensable element required in order for mammalian cells to function normally. The mammalian respiratory system; through pulmonary ventilation and gas diffusion; provides the physical mechanisms by which oxygen gains access to all body cells and through which carbon dioxide is eliminated from the body. The network of tissues and organs of the respiratory system helps the mammalian body cells to absorb oxygen from the air to enable the tissues and organs to function optimally. The advent of the coronavirus disease 2019 (Covid-19) Pandemic caused by the severe acute respiratory syndrome coronavirus 2 (SARS-CoV-2) has stimulated heightened and refocused interest in the study of various aspects of the respiratory system. The SARS-CoV-2 targets the respiratory system mucosal cells and in a cascade of biological processes curtails the ability of the respiratory system to absorb and deliver oxygen to the pulmonary blood and body cells often resulting in severe disease and/or death. The mucosa and submucosa of the respiratory tract are adapted to provide both innate and adaptive immune defense mechanisms against pathogens including the SARS-CoV-2. The entire respiratory tract is covered by a mucosa that transitions in its structural and functional characteristics from the upper respiratory tract to the lower respiratory tract. This chapter provides an overview of the functional anatomy and immunology of the respiratory tract covering the mucosa from the upper respiratory tract all the way up to the alveolar epithelium. In the advent of the covid-19 pandemic; a broader perspective and understanding of the anatomy and immunology of the respiratory tract will enable general readers and researchers to fully appreciate the discourse in covid-19 research as it affects the respiratory tract.</jats:p>;http://dx.doi.org/10.21203/rs.3.rs-150583/v1;COVID-19- Related Stigma in COVID-19 Survivors in Kampala; Uganda: A Qualitative Study;3/17/2021;N/A;N/A;;N/A;
N/A;http://dx.doi.org/10.21203/rs.3.rs-104621/v1;COVID-CT-Mask-Net: Prediction of COVID-19 from CT Scans Using Regional Features;3/17/2021;N/A;N/A;;2;
N/A;http://dx.doi.org/10.4324/9781003121718-6;Iran and COVID-19;1/28/2021;78;N/A;;1;
N/A;http://dx.doi.org/10.1201/9781003104124-7;Cybersecurity in Post COVID-19 Digital Era;2/18/2021;138;N/A;;N/A;
N/A;http://dx.doi.org/10.1201/9781003104124-1;Introduction: COVID-19 Pandemic; the Game Changer;2/18/2021;6;N/A;;N/A;
N/A;http://dx.doi.org/10.5772/intechopen.96200;Epidemiology; Pathogenesis; and Healing Strategies of COVID-19;2/19/2021;N/A;N/A;;N/A;
N/A;http://dx.doi.org/10.1016/b978-0-323-82860-4.00006-9;Novel treatments and trials in COVID-19;6/4/2021;120;N/A;;N/A;
N/A;http://dx.doi.org/10.1016/b978-0-323-82860-4.00008-2;How the Middle East is facing COVID-19;6/4/2021;204;N/A;;N/A;
N/A;http://dx.doi.org/10.1016/b978-0-323-82860-4.00005-7;COVID-19: Lessons from the frontline;6/4/2021;131;N/A;;N/A;
N/A;http://dx.doi.org/10.1016/b978-0-323-82860-4.00015-x;COVID-19 pandemic in India;6/4/2021;210;N/A;;N/A;
N/A;http://dx.doi.org/10.1016/b978-0-323-82860-4.00017-3;COVID-19: A familyâ€™s perspective;6/4/2021;51;N/A;;N/A;
N/A;http://dx.doi.org/10.1016/b978-0-323-82860-4.00009-4;COVID-19 and social media;6/4/2021;97;N/A;;N/A;
N/A;http://dx.doi.org/10.1016/b978-0-323-82860-4.00020-3;COVID-19: Data collection and transparency among countries;6/4/2021;172;N/A;;N/A;
N/A;http://dx.doi.org/10.1016/b978-0-323-82860-4.00021-5;The disproportionate burden of COVID-19 in Africa;6/4/2021;187;N/A;;N/A;
N/A;http://dx.doi.org/10.2174/2666796702666210308114216;Transmission; Prevention and Therapeutic Strategies for COVID-19: Updates and Challenges;3/10/2021;N/A;en;;N/A;
N/A;http://dx.doi.org/10.4324/9781003095590-9;COVID-19;4/27/2021;145;N/A;;N/A;
N/A;http://dx.doi.org/10.4324/9781003154037-14;The UK and Covid-19;5/4/2021;138;N/A;;N/A;
N/A;http://dx.doi.org/10.4324/9781003154037-3;Chinaâ€™s fight against Covid-19;5/4/2021;28;N/A;;N/A;
N/A;http://dx.doi.org/10.4324/9781003154037-27;Africa and Covid-19;5/4/2021;286;N/A;;N/A;
N/A;http://dx.doi.org/10.4324/9781003154037-30;Covid-19 and science;5/4/2021;315;N/A;;N/A;
N/A;http://dx.doi.org/10.4324/9781003154037-23;Nicaragua and Covid-19;5/4/2021;241;N/A;;N/A;
N/A;http://dx.doi.org/10.4324/9781003154037-25;Rwanda and Covid-19;5/4/2021;254;N/A;;N/A;
N/A;http://dx.doi.org/10.4324/9781003154037-29;Covid-19 and migrant workers 1;5/4/2021;302;N/A;;1;
N/A;http://dx.doi.org/10.4324/9781003154037-19;The US; South Korea; and Covid-19;5/4/2021;191;N/A;;N/A;
N/A;http://dx.doi.org/10.4324/9781003142089-12;Inequalities and COVID-19 1;4/2/2021;123;N/A;;N/A;
N/A;http://dx.doi.org/10.4324/9781003142089-7;Ecology; democracy; and COVID-19;4/2/2021;67;N/A;;1;
N/A;http://dx.doi.org/10.4324/9781003142089-1;COVID-19;4/2/2021;8;N/A;;N/A;
N/A;http://dx.doi.org/10.4324/9781003142065-9;COVID-19 and reproductive injustice;4/2/2021;93;N/A;;N/A;
N/A;http://dx.doi.org/10.25060/residpediatr-2020.v10n2-355;Asthma and COVID-19;4/13/2021;N/A;N/A;;N/A;
N/A;http://dx.doi.org/10.5772/intechopen.97482;COVID-19 and Cancer: Biological Interconnection and Treatment;5/4/2021;N/A;N/A;;N/A;
N/A;http://dx.doi.org/10.4324/9781003154037-9;Thailand and Covid-19;5/4/2021;97;N/A;;N/A;
<jats:title>Abstract</jats:title> How to make sense of the current COVID-19 crisis? While many people rely on official statements made by governments; scientific institutions; and experts for answering this question; others do not. Recently; the Dutch newspaper NRC Handelsblad reported on people who adhere to the conspirational theory that the current COVID-19 crisis is linked to the introduction of 5G technology. These people point; for example; to so-called 5G experiments in the province of Wuhan; China; where the current COVID-19 crisis started in 2019. The â€œcovid-spiracyâ€ theory suggests that behind the societal curtains; elites are trying to deal with the problem of overpopulation by means of introducing 5G and blaming COVID-19 for the negative side effects. On Facebook and Twitter; people are actively discussing these theories with increasing momentum. And; inspired by theories on the adverse effects of 5G; people have tried to destroy 5G technology and hinder the spread of this technology in the Netherlands.</jats:p>;N/A;N/A;N/A;N/A;N/A;;N/A;
N/A;http://dx.doi.org/10.4324/9781003154037-22;Cuba dancing with Covid-19;5/4/2021;228;N/A;;1;
N/A;http://dx.doi.org/10.4324/9781003154037-6;India; Kerala and Covid-19;5/4/2021;60;N/A;;N/A;
N/A;http://dx.doi.org/10.4324/9781003154037-11;Iran and Covid-19;5/4/2021;111;N/A;;N/A;
N/A;N/A;N/A;N/A;N/A;N/A;;N/A;
N/A;http://dx.doi.org/10.4324/9781003154037-16;Germany and Covid-19;5/4/2021;162;N/A;;N/A;
N/A;http://dx.doi.org/10.4324/9781003154037-20;The United States and Covid-19;5/4/2021;202;N/A;;N/A;
N/A;http://dx.doi.org/10.4324/9781003154037-21;Brazil; South America and Covid-19;5/4/2021;218;N/A;;N/A;
N/A;N/A;N/A;N/A;N/A;N/A;;N/A;
N/A;http://dx.doi.org/10.4324/9781003154037-12;Saudi Arabia and Covid-19;5/4/2021;121;N/A;;N/A;
N/A;http://dx.doi.org/10.4324/9781003154037-8;Indonesia and Covid-19;5/4/2021;87;N/A;;N/A;
N/A;N/A;N/A;N/A;N/A;N/A;;N/A;
N/A;http://dx.doi.org/10.2196/preprints.30124;COVID Tongue: A new manifestation of COVID-19 â€“ A Call to Action (Preprint);5/12/2021;N/A;N/A;;N/A;
N/A;http://dx.doi.org/10.1101/2021.05.20.21257387;Deep Covid - Covid Diagnosis Using Deep Neural Networks and Transfer Learning;5/30/2021;N/A;N/A;;N/A;
N/A;http://dx.doi.org/10.1515/9780271091723-003;COVID Dawn;5/31/2021;21;N/A;;N/A;
N/A;http://dx.doi.org/10.1515/9780271091723-002;COVID-19 Diary;5/31/2021;17;N/A;;N/A;
N/A;http://dx.doi.org/10.1136/bmj.m2815;Covid-19: What do we know about â€œlong covidâ€?;6/13/2021;2815;en;;N/A;
N/A;http://dx.doi.org/10.23912/9781911635703-4429;The economic; social and environmental impacts of COVID 19;6/17/2021;N/A;N/A;;N/A;
N/A;http://dx.doi.org/10.4103/ijsp.ijsp_339_20;Psychosocial rehabilitation: Pre-COVID; during COVID; and Post-COVID era;1/18/2021;18;en;;N/A;
N/A;http://dx.doi.org/10.37423/200601135;CONTÃGIO E VIRULÃŠNCIA: COVID-19 E A PRÃ“XIMA PANDEMIA;9/29/2020;N/A;N/A;;N/A;
N/A;http://dx.doi.org/10.37423/200601136;COVID-19: TRAJETÃ“RIA ATUAL E FUTURA;9/29/2020;N/A;N/A;;N/A;
N/A;http://dx.doi.org/10.37423/200501013;A LEGISLAÃ‡ÃƒO TRABALHISTA RELACIONADA AO COVID-19 EM PORTUGAL;8/17/2020;N/A;N/A;;N/A;
N/A;http://dx.doi.org/10.37423/200501007;A LEGISLAÃ‡ÃƒO TRABALHISTA RELACIONADA AO COVID-19 NA FRANÃ‡A;8/17/2020;N/A;N/A;;N/A;
N/A;http://dx.doi.org/10.37423/200501018;EMPLOYMENT LAW AND COVID-19 IN THE UNITED STATES OF AMERICA;8/17/2020;N/A;N/A;;N/A;
N/A;http://dx.doi.org/10.37423/200501008;COVID-19 EN GUATEMALA: ENTRE REALIDADES; MEDIDAS Y LEGISLACIÃ“N LABORAL;8/17/2020;N/A;N/A;;N/A;
N/A;http://dx.doi.org/10.37423/200501010;MAATREGELEN GERELATEERD AAN COVID-19 IN NEDERLAND;8/17/2020;N/A;N/A;;N/A;
N/A;http://dx.doi.org/10.37423/200501005;LA NORMATIVA EN MATERIA LABORAL RELACIONADA CON EL COVID-19 EN COLOMBIA;8/17/2020;N/A;N/A;;2;
N/A;http://dx.doi.org/10.37423/200501012;LA LEGISLACIÃ“N LABORAL FRENTE AL COVID-19 EN EL PERÃš;8/17/2020;N/A;N/A;;N/A;
N/A;http://dx.doi.org/10.37423/200501002;A LEGISLAÃ‡ÃƒO TRABALHISTA RELACIONADA AO COVID-19 NO BRASIL;8/17/2020;N/A;N/A;;N/A;
N/A;http://dx.doi.org/10.37423/200501009;LA LEGISLAZIONE DEL LAVORO NELLâ€™EMERGENZA COVID-19 IN ITALIA;8/17/2020;N/A;N/A;;N/A;
N/A;http://dx.doi.org/10.37423/200501014;BREVE ANÃLISIS DE LA INFLUENCIA DE COVID-19 EN EL ÃMBITO LABORAL EN ESPAÃ‘A1;8/17/2020;N/A;N/A;;N/A;
N/A;http://dx.doi.org/10.1158/1557-3265.covid-19-21-s11-04;Abstract S11-04: Using CXR-Net to detect COVID-19 and non-COVID-19 patients;3/29/2021;N/A;N/A;;N/A;
N/A;http://dx.doi.org/10.1164/ajrccm-conference.2021.203.1_meetingabstracts.a2450;COVID AnTicks: Not All Infiltrates Are COVID Related;5/7/2021;N/A;N/A;;N/A;
N/A;http://dx.doi.org/10.2307/j.ctv1b74222.28;Covid et Africains :;12/4/2020;238;N/A;;N/A;
N/A;http://dx.doi.org/10.3389/fpsyg.2020.607064;Measuring Psychosocial Reactions to COVID-19: The COVID Reaction Scales (COVID-RS) as a New Assessment Tool;5/18/2021;N/A;N/A;;N/A;
N/A;http://dx.doi.org/10.18231/j.ijirm.2020.021;Empirical pharmacotherapy of COVID-19;5/20/2020;27;N/A;;N/A;
N/A;http://dx.doi.org/10.47183/mes.2020.003;Genetic determinants of the response to coronavirus infection COVID-19;10/24/2020;N/A;ru;;N/A;
N/A;http://dx.doi.org/10.22215/currrg/2020.tracingcovid19data;Tracing COVID-19 Data: Data and Technological Citizenship during the COVID-19 Pandemic;7/7/2020;N/A;en;;N/A;
N/A;http://dx.doi.org/10.46281/ijafr.v6i2.1068;IMPACT OF INFORMATION TECHNOLOGY AND DIGITALIZATION ON BANKING STRATEGY PRE-COVID-19; CHALLENGES IN THE COVID ERA AND POST-COVID STAKES;4/9/2021;73;N/A;;N/A;
N/A;http://dx.doi.org/10.21203/rs.3.rs-559099/v1;Patient-reported Outcome Measures After Hospitalization During the COVID-19 Pandemic; a Survey Among COVID-19 and Non-COVID-19 Patients.;6/7/2021;N/A;N/A;;N/A;
N/A;http://dx.doi.org/10.37423/200501001;AUSTRALIAâ€™S ECONOMIC MEASURES AND EMPLOYMENT LAWS CHANGES IN RESPONSE TO COVID-19;9/25/2020;N/A;N/A;;N/A;
N/A;http://dx.doi.org/10.1007/s00101-020-00862-y;FX06-COVID: Verbesserung der Oxygenierung durch FX06 in Intensivpatienten mit schweren VerlÃ¤ufen von COVID-19;1/15/2021;72;de;;N/A;
N/A;http://dx.doi.org/10.3928/19382359-20201014-01;Current Status of the COVID-19 Pandemic; Influenza and COVID-19 Together; and COVID-19 Viral Variants;4/19/2021;N/A;en;;N/A;
N/A;http://dx.doi.org/10.1038/s41420-021-00464-6;Long COVID: an estrogen-associated autoimmune disease?;4/13/2021;N/A;en;;N/A;
N/A;http://dx.doi.org/10.2174/2666958702101010006;Genomic Variation and Treatment Strategies of COVID-19: A Descriptive Review;3/16/2021;19;en;;N/A;
N/A;http://dx.doi.org/10.2174/2666958702101010032;The Expanding Role of Digital Therapeutics in the Post-COVID-19 Era;5/28/2021;27;en;;N/A;
N/A;http://dx.doi.org/10.1093/geront/gnaa200;COVID-19 Recommendations for Research From the Gerontological Society of America COVID-19 Task Force;4/17/2021;140;en;;10;
N/A;http://dx.doi.org/10.3390/covid1010002;Efficacy of a Polyphenolic; Standardized Green Tea Extract for the Treatment of COVID-19 Syndrome: A Proof-of-Principle Study;6/1/2021;12;en;;N/A;
N/A;http://dx.doi.org/10.1002/jmv.26624;Chronic COVID syndrome: Need for an appropriate medical terminology for longâ€COVID and COVID longâ€haulers;6/10/2021;2556;en;;N/A;
N/A;http://dx.doi.org/10.1080/07481187.2020.1818885;COVID-19 burnout; COVID-19 stress and resilience: Initial psychometric properties of COVID-19 Burnout Scale;6/11/2021;9;en;;N/A;
N/A;http://dx.doi.org/10.1007/978-3-030-70179-6_54;Counting COVID: Quantitative Geographical Approaches to COVID-19;6/19/2021;416;N/A;;N/A;
N/A;http://dx.doi.org/10.14293/s2199-1006.1.sor-med.cl0zebs.v1;UCL: Covid-19 Research;10/15/2020;N/A;N/A;;N/A;
N/A;http://dx.doi.org/10.14293/s2199-1006.1.sor-med.cla9yt7.v1;PLOS: COVID-19 pandemic;6/4/2020;N/A;N/A;;N/A;
N/A;http://dx.doi.org/10.14293/s2199-1006.1.sor-med.cl6u3s3.v1;Hindawi: COVID-19;6/4/2020;N/A;N/A;;N/A;
N/A;http://dx.doi.org/10.14293/s2199-1006.1.sor-uncat.clkkvvy.v1;Bioscientifica: COVID-19;11/13/2020;N/A;N/A;;N/A;
N/A;http://dx.doi.org/10.26226/morressier.5f884462c267945095ea79f0;Covid-19 Roundtable Discussion;12/14/2020;N/A;N/A;;N/A;
N/A;http://dx.doi.org/10.26226/morressier.5ebc4ac6ffea6f735881a4d8;Covid-19 and Pneumopericardium;11/30/2020;N/A;N/A;;N/A;
N/A;http://dx.doi.org/10.24019/2020.covid-19;Covid-19;2/3/2021;N/A;N/A;;N/A;
N/A;http://dx.doi.org/10.14293/s2199-1006.1.sor-med.clazjtt.v1;ACS: COVID-19 Coronavirus;4/19/2021;N/A;N/A;;N/A;
N/A;http://dx.doi.org/10.14293/s2199-1006.1.sor-med.clo1wg3.v1;Karger: Coronavirus / Covid-19;5/28/2021;N/A;N/A;;N/A;
N/A;http://dx.doi.org/10.26524/royal.37.1;COVID-19: THE SIEGE OF HUMANS WITH THE INVISIBLE MICROBIAL WORLD;9/29/2020;21;N/A;;N/A;
N/A;http://dx.doi.org/10.26524/royal.37.14;REBOOTING THE WORLD WITH INFORMATION TOOLS DURING COVID-19;9/29/2020;164;N/A;;N/A;
N/A;http://dx.doi.org/10.26524/royal.37.30;THE UNTAPPED ROLE OF AYURVEDA AND INDIAN MEDICINE TO COMBAT COVID 19;9/29/2020;295;N/A;;N/A;
N/A;http://dx.doi.org/10.26524/royal.37.24;ROLE OF PHYSICAL EXERCISE AND PHYSIOTHERAPY TO BOOST IMMUNITY DURING COVID -19;9/29/2020;247;N/A;;N/A;
N/A;http://dx.doi.org/10.15842/kjcp.2020.39.4.009;Effective Crisis Intervention Approaches and Activities Postâ€“COVID-19: Focusing on Crisis Intervention amid COVID-19;12/15/2020;381;en;;N/A;
N/A;http://dx.doi.org/10.21088/ijcer.2321.9815.8120.5;Functioning of Radiation Therapy During COVID-19 Pandemic in Red Zone COVID Hospital;9/7/2020;38;N/A;;N/A;
N/A;http://dx.doi.org/10.11610/cybsec02bg;Ð Ð¸ÑÐºÐ¾Ð²Ðµ Ð¸ Ð¿Ñ€ÐµÐ´Ð¸Ð·Ð²Ð¸ÐºÐ°Ñ‚ÐµÐ»ÑÑ‚Ð²Ð° Ð¿Ñ€ÐµÐ´ Ð·Ð°Ñ‰Ð¸Ñ‚Ð°Ñ‚Ð° Ð½Ð° Ð´Ð°Ð½Ð½Ð¸Ñ‚Ðµ Ð² ÐµÑ€Ð°Ñ‚Ð° Ð½Ð° COVID - 19;9/28/2020;N/A;N/A;;N/A;
N/A;http://dx.doi.org/10.11610/cybsec02;Risks & Challenges to Data Protection in COVID â€“ 19 era;9/28/2020;N/A;N/A;;N/A;
N/A;http://dx.doi.org/10.3390/ijerph18052621;Defining Post-COVID Symptoms (Post-Acute COVID; Long COVID; Persistent Post-COVID): An Integrative Classification;6/16/2021;2621;en;;36;
N/A;http://dx.doi.org/10.23880/oajmms-16000127;Introducing Covid-19 as an Evolutionary Metabolic Infecious Disease (EMID): The Prime Cause and Representing Alternative Treatment for COVID-19 (SARS-CoV-2);4/16/2021;N/A;N/A;;N/A;
N/A;http://dx.doi.org/10.1093/law-occ19/e3.013.3;Norway: Legal Response to Covid-19;4/29/2021;N/A;N/A;;N/A;
N/A;http://dx.doi.org/10.1093/law-occ19/e6.013.6;Republic of South Africa: Legal Response to Covid-19;4/30/2021;N/A;N/A;;N/A;
N/A;http://dx.doi.org/10.1093/law-occ19/e11.013.11;Italy: Legal Response to Covid-19;4/30/2021;N/A;N/A;;N/A;
N/A;http://dx.doi.org/10.1093/law-occ19/e16.013.16;Brazil: Legal Response to Covid-19;4/30/2021;N/A;N/A;;N/A;
N/A;http://dx.doi.org/10.1093/law-occ19/e1.013.1;Belgium: Legal Response to Covid-19;4/30/2021;N/A;N/A;;N/A;
N/A;http://dx.doi.org/10.1093/law-occ19/e10.013.10;Spain: Legal Response to Covid-19;4/30/2021;N/A;N/A;;N/A;
N/A;http://dx.doi.org/10.1093/law-occ19/e2.013.2;Federal Republic of Germany: Legal Response to Covid-19;4/30/2021;N/A;N/A;;N/A;
N/A;http://dx.doi.org/10.1093/law-occ19/e8.013.8;Hong Kong Special Administrative Region; Peopleâ€™s Republic of China: Legal Response to Covid-19;4/30/2021;N/A;N/A;;N/A;
N/A;http://dx.doi.org/10.1093/law-occ19/e13.013.13;Israel: Legal Response to Covid-19;4/30/2021;N/A;N/A;;N/A;
N/A;http://dx.doi.org/10.3390/nu13010039;Regular Use of VKA Prior to COVID-19 Associated with Lower 7-Day Survival in Hospitalized Frail Elderly COVID-19 Patients: The GERIA-COVID Cohort Study;5/6/2021;39;en;;N/A;
N/A;http://dx.doi.org/10.37200/ijpr/v24i5/pr2020720;COVID-19 Related Stigma; Examining the View of the General Public of Stigma toward People with COVID-19 in Iraq;5/21/2021;7115;N/A;;N/A;
N/A;http://dx.doi.org/10.1093/bjs/znab007;Risks of early mortality and pulmonary complications following surgery in patients with COVID-19;5/7/2021;159;en;;N/A;
N/A;http://dx.doi.org/10.2139/ssrn.3633174;COVID-19 in Pediatric Emergency: Presentations; Demographics; Contact with COVID-19 Cases; Return Visits and Disposition;8/28/2020;N/A;en;;N/A;
N/A;http://dx.doi.org/10.5772/intechopen.96815;The Link between Electrical Properties of COVID-19 and Electromagnetic Radiation;3/25/2021;N/A;N/A;;N/A;
N/A;http://dx.doi.org/10.5772/intechopen.96900;Cellular Therapy as Promising Choice of Treatment for COVID-19;3/25/2021;N/A;N/A;;N/A;
N/A;http://dx.doi.org/10.31483/r-75497;Otsenka vliianiia COVID-19 na mirovuiu ekonomiku;4/29/2021;N/A;N/A;;N/A;
N/A;http://dx.doi.org/10.2139/ssrn.3576381;SEMANGAT BELA NEGARA HADAPI PANDEMI COVID-19 (The Spirit of Depending the Country Faces COVID-19);6/4/2020;N/A;en;;N/A;
N/A;http://dx.doi.org/10.34235/661b87a2-2cef-48f6-85ba-e5341d80a7d5;Covid-19 city model of COVID-19 Spread;6/4/2020;N/A;en;;N/A;
N/A;http://dx.doi.org/10.5222/jtaps.2020.62333;COVID-19 pandemic and pediatric surgery;6/4/2020;N/A;N/A;;N/A;
N/A;http://dx.doi.org/10.37200/ijpr/v24i5/pr202057;COVID-19: Impact on Indian Agriculture;6/4/2020;3472;N/A;;N/A;
N/A;http://dx.doi.org/10.31752/idea.2020.20;Covid -19 á€€á€°á€µá€…á€€á€ºá€±á€›á€¬á€‚á€«á€€á€»á€±á€›á€¬á€€á€ºá€±á€”á€…á€‰á€º á€±á€›á€½á€±á€µá€±á€€á€¬á€€á€ºá€•á€½á€²á€™á€»á€¬á€µá€¡á€¬á€µ á€…á€®á€™á€³á€á€”á€·á€ºá€á€½á€²á€¼á€á€„á€ºá€µ - á€€á€­á€¯á€›á€®á€µá€šá€¬á€µá€žá€™á€¹á€™á€á€”á€­á€¯á€„á€ºá€„á€³á á€¡á€±á€›á€µá€•á€«á€žá€Šá€´á€º á€…á€™á€ºá€µá€žá€•á€ºá€á€»á€€á€º;6/4/2020;N/A;N/A;;N/A;
N/A;http://dx.doi.org/10.11610/it4sec.0136;Cyber threats modification during the COVID-19. Cyber pandemia;6/4/2020;N/A;N/A;;N/A;
N/A;http://dx.doi.org/10.2139/ssrn.3576328;PERAN BELA NEGARA MELAWAN COVID-19 (The Role of Defending the Country Againts COVID-19);6/4/2020;N/A;en;;N/A;
N/A;http://dx.doi.org/10.2139/ssrn.3617553;BELA NEGARA PARA PEMUDA MILENIAL DALAM MENANGGAPI COVID-19 (Defend Millennial Youth Countries in Responding to COVID-19);6/4/2020;N/A;en;;11;
N/A;http://dx.doi.org/10.1101/2020.11.01.20194233;Cohorting of Non-Critically Ill COVID-19 Patients: A Multicenter Survey Study (COVID-COHORT);11/7/2020;N/A;N/A;;N/A;
N/A;http://dx.doi.org/10.7249/rra248-6;COVID-19 Air Traffic Visualization: Worldwide Spread of COVID-19 Accelerated Starting on February 19; 2020;9/23/2020;N/A;N/A;;N/A;
N/A;http://dx.doi.org/10.7249/rra248-7;COVID-19 Air Traffic Visualization: African Anchor States Face Higher Risk of Importing COVID-19 Cases;9/23/2020;N/A;N/A;;N/A;
N/A;http://dx.doi.org/10.21276/irjps.2020.7.2.24;COVID-19 : AN OVERVIEW;9/13/2020;2343;N/A;;1;
N/A;http://dx.doi.org/10.17753/ekev1815;ERKEN DÃ–NEM COVÄ°D-19 PANDEMÄ°SÄ°NDE COVÄ°D-;3/30/2021;516;en;;N/A;
N/A;http://dx.doi.org/10.2174/2666796702666210329141042;Lipid lowering natural products targeting hPCSK9 may prevent the severity of COVID-19 infection;3/30/2021;N/A;en;;N/A;
N/A;http://dx.doi.org/10.22533/at.ed.43121290310;PERFIL EPIDEMIOLÃ“GICO DA COVID-19 NO ESTADO DA BAHIA;3/30/2021;126;N/A;;N/A;
N/A;http://dx.doi.org/10.22533/at.ed.4312129037;LESÃƒO RENAL AGUDA EM PACIENTES INFECTADOS PELO COVID -19;3/30/2021;83;N/A;;N/A;
N/A;http://dx.doi.org/10.1158/1557-3265.covid-19-21-p08;Abstract P08: Adenosine-based cancer immunotherapy for COVID-19;3/29/2021;N/A;N/A;;N/A;
N/A;http://dx.doi.org/10.18638/dialogo.2020.6.2.19;Theological and practical challenges in the Covid-19 pandemic;6/22/2020;N/A;N/A;;N/A;
N/A;http://dx.doi.org/10.18638/dialogo.2020.6.2.15;Religious Controversies in COVID-19;6/22/2020;N/A;N/A;;N/A;
N/A;http://dx.doi.org/10.2307/j.ctv1h45mcj.24;Planet COVID-19:;3/5/2021;276;N/A;;13;
N/A;http://dx.doi.org/10.2307/j.ctv1h45mcj.48;No Room for Family:;3/5/2021;526;N/A;;6;
N/A;http://dx.doi.org/10.2307/j.ctv1h45mcj.26;Digitally Mediated Motherhood during the COVID-19 Pandemic;3/5/2021;302;N/A;;N/A;
N/A;http://dx.doi.org/10.2307/j.ctv1h45mcj.36;Trans-cending COVID-19;3/5/2021;408;N/A;;N/A;
N/A;http://dx.doi.org/10.1016/b978-0-12-824536-1.00022-8;Robust and secured telehealth system for COVID-19 patients;5/22/2021;349;N/A;;N/A;
N/A;http://dx.doi.org/10.1016/b978-0-12-824536-1.00021-6;COVID-19â€“affected medical image analysis using DenserNet;5/22/2021;230;N/A;;N/A;
N/A;http://dx.doi.org/10.1016/b978-0-12-824536-1.00036-8;Time series analysis of the COVID-19 pandemic in Australia using genetic programming;5/22/2021;411;N/A;;N/A;
N/A;http://dx.doi.org/10.1016/b978-0-12-824536-1.00030-7;COVID-19 pandemic in India;5/22/2021;525;N/A;;N/A;
N/A;http://dx.doi.org/10.1016/b978-0-12-824536-1.00027-7;Forecast and prediction of COVID-19 using machine learning;5/22/2021;397;N/A;;N/A;
N/A;http://dx.doi.org/10.1016/b978-0-12-824536-1.00011-3;Machine-learning models for predicting survivability in COVID-19 patients;5/22/2021;336;N/A;;N/A;
N/A;http://dx.doi.org/10.1016/b978-0-12-824536-1.00029-0;An artificial intelligenceâ€“based decision support and resource management system for COVID-19 pandemic;5/22/2021;49;N/A;;70;
N/A;http://dx.doi.org/10.2307/j.ctv18gfz7c.22;COVID-19 and Global Inequality;1/9/2021;172;N/A;;49;
N/A;http://dx.doi.org/10.26717/bjstr.2020.32.005239;Asthma and COVID-19: Asthma as Risk Factor for COVID-19 Infection?;1/10/2021;N/A;N/A;;7;
N/A;http://dx.doi.org/10.2307/j.ctv18gfz7c.17;COVID-19 in Latin America:;1/9/2021;114;N/A;;N/A;
N/A;http://dx.doi.org/10.51432/978-1-8381524-7-5_3;Machine Learning and Artificial Intelligence in Marketing Applications During COVID-19 Pandemic;1/10/2021;31;N/A;;N/A;
N/A;http://dx.doi.org/10.51432/978-1-8381524-7-5_1;Integrated Marketing Communications in Contexts of Eco Tours in Porto (Portugal): Challenges (Post) Covid-19;1/10/2021;11;N/A;;N/A;
N/A;http://dx.doi.org/10.1332/policypress/9781447355076.003.0008;Postscript: Policing the COVID-19 pandemic;5/22/2021;110;N/A;;1;
N/A;http://dx.doi.org/10.21203/rs.3.rs-18591/v1;Infodemiological study on COVID-19 epidemic and COVID-19 infodemic;5/22/2021;N/A;N/A;;N/A;
N/A;http://dx.doi.org/10.2196/preprints.19135;Infodemiological study on COVID-19 epidemic and COVID-19 infodemic (Preprint);5/22/2021;N/A;N/A;;1;
N/A;http://dx.doi.org/10.51432/978-1-8381524-8-2_4;Online Consumption During and After the COVID 19 Pandemic: Evidence from Japan;5/21/2021;N/A;N/A;;N/A;
N/A;http://dx.doi.org/10.51432/978-1-8381524-8-2_7;Complex Risk Analysis of E-Commerce Companies Related to COVID 19;5/21/2021;N/A;N/A;;N/A;
N/A;http://dx.doi.org/10.35630/2199-885x/2021/11/1/ed1;COVID-MENTANDEMIC: COVID INDUCED MENTAL PANDEMIC;4/6/2021;11;N/A;;61;
N/A;http://dx.doi.org/10.2139/ssrn.3632992;SEMANGAT BELA NEGARA HADAPI PANDEMI COVID-19 (The Spirit of Defending Countries Face Pandemic COVID-19);7/1/2020;N/A;en;;N/A;
N/A;http://dx.doi.org/10.30687/978-88-6969-442-4/012;Will COVID-19 Change Oil Markets Forever?;7/31/2020;N/A;N/A;;1;
N/A;http://dx.doi.org/10.30687/978-88-6969-442-4/023;Human Skills & the AI COVID Challenge;7/31/2020;N/A;N/A;;N/A;
N/A;http://dx.doi.org/10.30687/978-88-6969-442-4/027;Travel and Tourism;7/31/2020;N/A;N/A;;N/A;
N/A;http://dx.doi.org/10.30687/978-88-6969-442-4/008;COVID-19 and the Stock Market;7/31/2020;N/A;N/A;;93;
N/A;http://dx.doi.org/10.30687/978-88-6969-442-4/017;The Implications of the COVID-19 Pandemic for Pensions;7/31/2020;N/A;N/A;;N/A;
N/A;http://dx.doi.org/10.30687/978-88-6969-442-4/028;European Football After COVID-19;7/31/2020;N/A;N/A;;N/A;
N/A;http://dx.doi.org/10.22541/au.162231994.47259672/v1;Outcomes of Extracorporeal Membrane Oxygenation in Influenza vs. COVID-19 During the First Wave of COVID-19;5/29/2021;N/A;N/A;;N/A;
N/A;http://dx.doi.org/10.2174/2666796701999201218142021;Impact of Metaheuristic Techniques in Pandemic of COVID-19;5/26/2021;N/A;en;;N/A;
N/A;http://dx.doi.org/10.37351/2020314.1;La ASAC en la pandemia COVID-19;5/26/2021;352;es;;N/A;
N/A;http://dx.doi.org/10.31618/esu.2413-9335.2020.6.73.691;POPULIST POLITICS DURING THE COVID-19 PANDEMIC;6/6/2020;32;N/A;;N/A;
N/A;http://dx.doi.org/10.2174/2666796701999201005212124;Impact of BCG Vaccine Against the Pandemic of Corona (COVID-19): A Review;6/4/2021;495;en;;N/A;
N/A;http://dx.doi.org/10.2174/2666796701999201005211854;Coronavirus Disease 2019 (COVID-19): Current Situation and Therapeutic Options;6/4/2021;491;en;;N/A;
N/A;http://dx.doi.org/10.2174/2666796701999201022192504;Nanomaterial: A Sustainable Way to Fight Against COVID-19;6/4/2021;447;en;;N/A;
N/A;http://dx.doi.org/10.2174/2666796701999201026203911;The Current Outbreak of COVID-19 with Reference to India;6/4/2021;459;en;;N/A;
N/A;http://dx.doi.org/10.2174/2666796701999201116212306;A Journey of Coronaviruses from Sporadic Outbreaks to COVID-19 Pandemic;6/4/2021;467;en;;N/A;
N/A;http://dx.doi.org/10.17211/tcd.809688;COVÄ°D-19â€™UN ZAYIF HALKASI: YAÅžLI NÃœFUS THE WEAK RING OF COVID-19: ELDERLY POPULATION;6/4/2021;N/A;N/A;;N/A;
N/A;http://dx.doi.org/10.18094/josc.699040;SaÄŸlÄ±k Ä°letiÅŸimi Perspektifinden Ä°nstagramda COVID-19 PaylaÅŸÄ±mlarÄ±nÄ±n Analizi: #COVID-19;6/4/2021;N/A;N/A;;N/A;
N/A;http://dx.doi.org/10.2139/ssrn.3598916;Mental Health and Covid-19: the Right to Mental Health during the COVID-19 Pandemic;2/1/2021;N/A;en;;N/A;
N/A;http://dx.doi.org/10.2174/2666796701999201123102216;COVID-19: A daily dose of yoga to cope with anxiety;11/24/2020;N/A;en;;N/A;
N/A;http://dx.doi.org/10.2174/2666796701999201123102516;Is there any role for IL-6 inhibition in COVID-19?;11/24/2020;N/A;en;;N/A;
N/A;http://dx.doi.org/10.1136/bmj.m1484;Covid-19: Death rate in England and Wales reaches record high because of covid-19;2/9/2021;1484;en;;N/A;
N/A;http://dx.doi.org/10.4149/cardiol_2020_5_6_4;GerontokardiolÃ³gia: COVID-19 / Gerontocardiology: COVID-19;2/2/2021;302;N/A;;N/A;
N/A;http://dx.doi.org/10.4149/cardiol_2020_5_6_1;MedicÃ­na; COVID-19; kardiolÃ³gia a rok 2020 / Medicine; COVID-19; cardiology and the year 2020;2/2/2021;277;N/A;;N/A;
N/A;http://dx.doi.org/10.32843/infrastruct49-26;WAYS OF SMALL BUSINESS DEVELOPMENT IN COVID-19;2/2/2021;N/A;uk;;N/A;
N/A;http://dx.doi.org/10.21100/gswr.v1i2.1143;COVID Racism against East Asian Community beyond Post-COVID 19;12/19/2020;117;N/A;;N/A;
N/A;http://dx.doi.org/10.17268/rmt.2020.v15i02.01;COVID-19 pandemic;6/1/2020;54;N/A;;N/A;
N/A;http://dx.doi.org/10.37351/2020314.10;Fecaloid peritonitis. Positive COVID postoperatively.;11/11/2020;517;es;;N/A;
N/A;http://dx.doi.org/10.4324/9781003154037-4;South Korea; Taiwan; Hong Kong; Singapore and Covid-19;5/4/2021;40;N/A;;N/A;
N/A;http://dx.doi.org/10.25060/residpediatr-2020.v10n2-329;Children and COVID-19; should we be concerned?;8/19/2020;N/A;N/A;;N/A;
N/A;http://dx.doi.org/10.2139/ssrn.3675926;COVID-19 und die Schulbesuchspflicht (COVID-19 and the Duty to Attend School in Person);8/19/2020;N/A;en;;N/A;
N/A;http://dx.doi.org/10.5772/intechopen.96283;Potential Therapeutics Pathways in Solving the Challenges of the COVID-19 Pandemic;2/26/2021;N/A;N/A;;N/A;
N/A;http://dx.doi.org/10.5772/intechopen.96251;Refocusing Functional Anatomy and Immunology of the Respiratory Mucosa in the Advent of Covid-19;2/26/2021;N/A;N/A;;N/A;
N/A;http://dx.doi.org/10.2139/ssrn.3827633;Education in COVID-19 and Post-COVID Eras: A Paradigm Shift;4/21/2021;N/A;en;;N/A;
N/A;http://dx.doi.org/10.1136/bmj.n908;Covid-19: One in three has neurological or psychiatric condition diagnosed after covid infection; study finds;4/7/2021;908;en;;N/A;
N/A;http://dx.doi.org/10.48021/978-65-5956-026-4c1;Psicologia da saÃºde e covid-19: cenÃ¡rio para compreensÃ£o e atuaÃ§Ã£o na pandemia;4/7/2021;N/A;N/A;;N/A;
N/A;http://dx.doi.org/10.1186/isrctn14602359;COVID-19 Germ Defence: a website to improve infection control during the COVID-19 pandemic;8/12/2020;N/A;N/A;;N/A;
N/A;http://dx.doi.org/10.29296/25877305-2020-05-01;Laboratory indicators of coronÐvirus infection COVID-19;6/18/2020;N/A;N/A;;N/A;
N/A;http://dx.doi.org/10.1257/rct.6021-2.0;WTP for COVID-19 Job Amenities and the Effects of COVID-19 on Labor Supply;6/18/2020;N/A;N/A;;N/A;
N/A;http://dx.doi.org/10.22541/au.159674853.37745616;Comparing the IHME COVID-19 health service utilization forecasting team's predicted cumulative COVID-19 deaths to actual deaths;8/6/2020;N/A;N/A;;39;
N/A;http://dx.doi.org/10.18235/0002560;Â¿CÃ³mo afrontamos la crisis del COVID-19?: Consideraciones para organizaciones y comunidades indÃ­genas para responder al COVID-19: GuÃ­a comunitaria;8/6/2020;N/A;N/A;;N/A;
N/A;http://dx.doi.org/10.2174/2666796701999201021150744;Compressive review on epidemiology; diagnosis and auspicious management on COVID 19;10/23/2020;N/A;en;;8;
N/A;http://dx.doi.org/10.12968/prma.2020.30.9.34;Managing Patients' Expectations During COVID-19' Expectations During COVID-19;10/22/2020;36;en;;N/A;
N/A;http://dx.doi.org/10.2139/ssrn.3644471;How COVID-19 and Policies to Combat the Spread of COVID-19 Impact the World Stock Markets;7/8/2020;N/A;en;;N/A;
N/A;http://dx.doi.org/10.20524/aog.2020.0514;Gastrointestinal involvement in COVID-19 patients: a retrospective study from a Greek COVID-19 referral hospital;7/2/2020;N/A;N/A;;18;
N/A;http://dx.doi.org/10.36880/c12.02467;COVID-19 Recession: The Global Economy in Crisis;3/29/2021;N/A;N/A;;N/A;
N/A;http://dx.doi.org/10.32440/ar.2020.137.03.ed01;Genetic and Covid-19;3/29/2021;264;es;;N/A;
N/A;http://dx.doi.org/10.1515/9783110713350-006;Emergency Europe after Covid-19;5/7/2021;92;N/A;;N/A;
N/A;http://dx.doi.org/10.33550/sd.v7i2.167;Milenialisme dan Covid-19;5/7/2021;147;N/A;;N/A;
N/A;http://dx.doi.org/10.1164/ajrccm-conference.2021.203.1_meetingabstracts.a4094;Hemothorax as Rare Complication from COVID-19 Infection;5/7/2021;N/A;N/A;;3;
N/A;http://dx.doi.org/10.3386/w28645;Back to School: The Effect of School Visits During COVID-19 on COVID-19 Transmission;5/7/2021;N/A;N/A;;N/A;
N/A;http://dx.doi.org/10.1164/ajrccm-conference.2021.203.1_meetingabstracts.a4114;COVID-19: An Asymptomatic Carrier;5/7/2021;N/A;N/A;;N/A;
N/A;http://dx.doi.org/10.2139/ssrn.3836258;COVID-19 To Go? The Role of Disasters and Evacuation in the COVID-19 Pandemic;5/7/2021;N/A;en;;N/A;
N/A;http://dx.doi.org/10.5222/forbes.2021.38258;The Role of ncRNAs in Covid-19 Pathogenesis;5/7/2021;N/A;N/A;;N/A;
N/A;http://dx.doi.org/10.2174/2666796701999200905093233;A Comparative Study of SARS; MERS with COVID-19;5/7/2021;368;en;;N/A;
N/A;http://dx.doi.org/10.2174/2666796701999200915142830;Yoga may Prevent Cytokine Storm in COVID-19;5/7/2021;288;en;;N/A;
N/A;http://dx.doi.org/10.2174/2666796701999200915145630;A New Threat to Mankind: COVID 19 - All You Need to Know;5/7/2021;352;en;;N/A;
N/A;http://dx.doi.org/10.2174/2666796701999200918160757;Understanding the Role of HDL during COVID-19 Infection;5/7/2021;290;en;;N/A;
N/A;http://dx.doi.org/10.2307/j.ctv18gfz7c.15;Africa and the Economic Pathologies of the COVID-19 Pandemic;10/25/2020;94;N/A;;N/A;
N/A;http://dx.doi.org/10.2307/j.ctv18gfz7c.14;Policy Milieu for Combatting COVID-19 and Sustainability of African Economies;10/25/2020;84;N/A;;N/A;
N/A;http://dx.doi.org/10.2307/j.ctv18gfz7c.20;The Economics of COVID-19 in Italy and Lessons for Africa;10/25/2020;148;N/A;;N/A;
N/A;http://dx.doi.org/10.2307/j.ctv18gfz7c.23;The Health Impact Fund:;10/25/2020;182;N/A;;N/A;
N/A;http://dx.doi.org/10.2307/j.ctv18gfz7c.11;Development Education; COVID-19 and Neoliberalism;10/25/2020;48;N/A;;N/A;
N/A;http://dx.doi.org/10.2307/j.ctv18gfz7c.8;COVID-19 Pandemic Ignorance and the â€˜Worldsâ€™ of Development;10/25/2020;16;N/A;;N/A;
N/A;http://dx.doi.org/10.2307/j.ctv18gfz7c.18;The â€˜Shadow Pandemicâ€™:;10/25/2020;126;N/A;;N/A;
N/A;http://dx.doi.org/10.1101/2020.07.22.20159806;Estimating Variation of Covid-19 â€˜infectionâ€™ in the Population: Results from Understanding Societyâ€™s (UKHLS) first monthly covid-19 survey;1/21/2021;N/A;N/A;;N/A;
N/A;http://dx.doi.org/10.2307/j.ctv1b74222.4;The Covid Outlaw;12/4/2020;14;N/A;;N/A;
N/A;http://dx.doi.org/10.2307/j.ctv1b74222.12;Covid Dating and Anti-Social Cues;12/4/2020;86;N/A;;N/A;
N/A;http://dx.doi.org/10.2307/j.ctv1b74222.10;Covid in Africa:;12/4/2020;60;N/A;;N/A;
N/A;http://dx.doi.org/10.1101/2020.05.21.20108969;Assessment of Workersâ€™ Personal Vulnerability to COVID-19 Using â€œCOVID-AGEâ€;2/17/2021;N/A;N/A;;N/A;
N/A;http://dx.doi.org/10.2174/2666796702666210222110403;Functionalized photocatalytic nanocoatings for inactivating COVID-19 virus residing on surfaces of public and healthcare facilities;2/23/2021;N/A;en;;N/A;
N/A;http://dx.doi.org/10.2139/ssrn.3623725;Bela Negara Dari Ancaman Global Covid-19 ( Defending the Country from the Global Threat COVID-19 );6/11/2020;N/A;en;;N/A;
N/A;http://dx.doi.org/10.20944/preprints202002.0380.v3;Infodemiological Study on COVID-19 Epidemic and COVID-19 Infodemic;11/19/2020;N/A;N/A;;N/A;
N/A;http://dx.doi.org/10.21203/rs.3.rs-118731/v1;Willingness to Receive Future Covid-19 Vaccines Following the Covid-19 Epidemic In Shanghai; China;12/29/2020;N/A;N/A;;N/A;
N/A;http://dx.doi.org/10.1142/9789811229381_0012;Singaporeâ€™s Policy Response to COVID-19;12/29/2020;88;N/A;;N/A;
N/A;http://dx.doi.org/10.5222/ankem.2020.025;Covid-19 Pandemic: An Overview;5/7/2020;N/A;N/A;;N/A;
N/A;http://dx.doi.org/10.9771/9786556300757.017;Cirurgia em tempos de COVID-19;3/8/2021;N/A;N/A;;N/A;
N/A;http://dx.doi.org/10.2174/2666796701999201222113227;Mechanism of cardiac pathogenesis and Cardiotoxicity of anti-COVID-19 drugs;12/23/2020;N/A;en;;N/A;
N/A;http://dx.doi.org/10.1101/2020.04.13.20064162;Mesenchymal stromal cells for COVID-19: A living systematic review protocol;12/10/2020;N/A;N/A;;N/A;
N/A;http://dx.doi.org/10.2139/ssrn.3554557;Respuestas de Supervisores y Reguladores Financieros al COVID-19 (Financial Regulators' Responses to COVID/19);6/10/2020;N/A;en;;N/A;
N/A;http://dx.doi.org/10.26434/chemrxiv.12038604;Treatment of COVID-19 patients:                                          Justicia adhatoda leaves extract is a strong remedy for COVID-19 â€“ Case report analysis and docking based study;6/10/2020;N/A;N/A;;N/A;
N/A;http://dx.doi.org/10.2174/2666796701999201216102250;Remdesivir (GS-5734) for COVID-19 Treatment: Past and Recent Updates;1/4/2021;N/A;en;;N/A;
N/A;http://dx.doi.org/10.47183/mes.2020.017;COVID-19 in ophthalmic practice;1/4/2021;N/A;ru;;N/A;
N/A;http://dx.doi.org/10.2139/ssrn.3753520;Vaccines against COVID-19: Issues to Consider (Vacinas para a COVID-19: aspectos para reflexÃ£o);1/15/2021;N/A;en;;N/A;
N/A;http://dx.doi.org/10.15842/kjcp.2020.39.4.005;Our Communities Post-COVID-19;12/15/2020;308;en;;N/A;
N/A;http://dx.doi.org/10.7476/9786557080290.0021;Covid-19: o impossÃ­vel America first;12/15/2020;328;N/A;;13;
N/A;http://dx.doi.org/10.7476/9786557080290.0007;SaÃºde Ãºnica e a Pandemia de Covid-19;12/15/2020;96;N/A;;N/A;
N/A;http://dx.doi.org/10.7476/9786557080290.0015;Brics na Covid-19 multilateralismo; capacidade tecnolÃ³gica e colaboraÃ§Ã£o em PD&I;12/15/2020;230;N/A;;N/A;
N/A;http://dx.doi.org/10.7476/9786557080290.0008;PrelÃºdio em dÃ³ maior: a Covid-19 nas NaÃ§Ãµes Unidas;12/15/2020;116;N/A;;N/A;
N/A;http://dx.doi.org/10.5222/terh.2020.02693;COVID-19 Transmission and Prevention;7/16/2020;N/A;N/A;;N/A;
N/A;http://dx.doi.org/10.5222/terh.2020.88896;COVID-19 in Adults: Clinical Findings;7/16/2020;N/A;N/A;;N/A;
N/A;http://dx.doi.org/10.5222/terh.2020.48030;Treatment of COVID-19;7/16/2020;N/A;N/A;;N/A;
N/A;http://dx.doi.org/10.18616/intcov27;Impactos da automedicaÃ§Ã£o em tempos de pandemia covid-19;1/27/2021;75;N/A;;N/A;
N/A;http://dx.doi.org/10.1101/2020.08.12.20170852;Knowledge; attitudes and practices (KAP) towards COVID-19 among Palestinians during the COVID-19 outbreak: A cross-sectional survey;1/27/2021;N/A;N/A;;24;
N/A;http://dx.doi.org/10.1136/bmj.n898;Covid-19; open science; and the CVD-COVID-UK initiative;4/8/2021;898;en;;108;
N/A;http://dx.doi.org/10.46692/9781447359869.015;The Social Problems of COVID-19;4/8/2021;142;N/A;;N/A;
N/A;http://dx.doi.org/10.46692/9781529215892.013;The â€˜Shadow Pandemicâ€™: Addressing Gender-based Violence (GBV) During COVID-19;4/8/2021;126;N/A;;N/A;
N/A;http://dx.doi.org/10.46692/9781447360377.015;Class; Inequality and the COVID-19 Pandemic;4/8/2021;110;N/A;;N/A;
N/A;http://dx.doi.org/10.46692/9781529215892.018;The Health Impact Fund: Learning from COVID-19;4/8/2021;182;N/A;;N/A;
N/A;http://dx.doi.org/10.46692/9781447360377.021;Rethinking Right and Wrong: Social Work; COVID-19 and the Crisis of Ethics;4/8/2021;152;N/A;;N/A;
N/A;http://dx.doi.org/10.17161/rrnmf.v1i4.14656;My Telehealth Experience pre-COVID-19 and During COVID-19;9/23/2020;77;N/A;;N/A;
N/A;http://dx.doi.org/10.1101/2020.05.05.20050419;COVID-19 Induced Anxiety and Protective Behaviors During COVID-19 Outbreak: Scale Development and Validation;6/8/2021;N/A;N/A;;N/A;
N/A;http://dx.doi.org/10.21547/jss.787982;Touristâ€™s Consumption Attitude After Covid-19;6/8/2021;570;N/A;;N/A;
N/A;http://dx.doi.org/10.31219/osf.io/2jrqm;HOSPITALITAS KRISTEN DALAM MENGHADAPI PANDEMI  COVID-19 DI INDONESIA CHRISTIAN HOSPITALITY IN DEALING WITH PANDEMIC COVID-19 IN INDONESIA;6/8/2021;N/A;N/A;;N/A;
N/A;http://dx.doi.org/10.20935/al660;Beyond health and wealth: the impact of COVID-19 and anti-COVID-19 measures on the narrative dimension of human life;3/27/2021;N/A;en;;N/A;
N/A;http://dx.doi.org/10.29058/mjwbs.827782;COVID-19â€™lu veya COVID-19 Saptanan Gebelerde Holistik YaklaÅŸÄ±m;6/2/2021;6;N/A;;N/A;
N/A;http://dx.doi.org/10.1136/bmj.m4386;Covid-19: Nearly 20% of patients receive psychiatric diagnosis within three months of covid; study finds;11/11/2020;4386;en;;N/A;
N/A;http://dx.doi.org/10.15312/eurasianjvetsci.2020.292;COVID-19 iÃ§in tanÄ±sal yaklaÅŸÄ±mlar;11/27/2020;N/A;en;;N/A;
N/A;http://dx.doi.org/10.37980/im.journal.rmdp.2020872;La Pandemia del COVID-19 [The COVID-19 Pandemic];10/26/2020;N/A;N/A;;N/A;
N/A;http://dx.doi.org/10.17992/lbl.2020.03.469;COVID-19. Eina vissan er Ã³vissan;6/10/2020;119;N/A;;N/A;
N/A;http://dx.doi.org/10.2174/2666796701999200617160106;Withdrawal Notice: Update on the SARS-CoV-2 (COVID-19) Outbreak: A Global Pandemic Challenge;8/18/2020;N/A;en;;N/A;
N/A;http://dx.doi.org/10.1101/2020.07.23.20161059;COVID-19 Intensive Care Admissions Have Twice the Corrected Mortality of non-COVID-19 Viral Pneumonia;1/17/2021;N/A;N/A;;N/A;
N/A;http://dx.doi.org/10.37351/2020312.2;Medical literature and COVID-19;5/8/2020;111;es;;N/A;
N/A;http://dx.doi.org/10.18231/j.ijirm.2020.016;Human immuno-suppression therapy in SARS-CoV-2;5/10/2020;5;N/A;;N/A;
N/A;http://dx.doi.org/10.1257/rct.6021;WTP for COVID-19 Job Amenities and the Effects of COVID-19 on Labor Supply;6/18/2020;N/A;N/A;;N/A;
N/A;http://dx.doi.org/10.1257/rct.6021-1.0;WTP for COVID-19 Job Amenities and the Effects of COVID-19 on Labor Supply;6/18/2020;N/A;N/A;;N/A;
N/A;http://dx.doi.org/10.34172/ps.2020.45;Higher Education System in Light of Covid-19;3/24/2021;N/A;en;;24;
N/A;http://dx.doi.org/10.2174/9781681087788121010008;Cardiovascular Disease; Myocarditis; Infarctions; And COVID-19;5/24/2021;142;N/A;;N/A;
N/A;http://dx.doi.org/10.2174/9781681087788121010011;COVID-19 and Our Brain: What's New?;5/24/2021;178;N/A;;N/A;
N/A;http://dx.doi.org/10.2174/9781681087788121010013;Pregnancy; COVID-19; and Children: Dangerous Trio?;5/24/2021;228;N/A;;N/A;
N/A;http://dx.doi.org/10.2174/9781681087788121010016;Critical Care in COVID-19;5/24/2021;364;N/A;;N/A;
N/A;http://dx.doi.org/10.2139/ssrn.3591992;Industrie de lâ€™humour et lâ€™aprÃ¨s-COVID: Gestion de crise (Comedy Industry and Post-COVID: Crisis Management);5/12/2020;N/A;en;;N/A;
N/A;http://dx.doi.org/10.1127/anthranz/2021/1327;ACE2 and COVID-19: An anthropological perspective;2/15/2021;N/A;en;;N/A;
N/A;http://dx.doi.org/10.19141/covid19-978-65-86848-71-80;Como idosos devem se prevenir da covid-19;5/15/2020;80;N/A;;N/A;
N/A;http://dx.doi.org/10.4103/cmi.cmi_101_20;My journey: From COVID survivor to plasma donor to COVID carer;7/9/2020;197;en;;N/A;
N/A;http://dx.doi.org/10.22533/at.ed.4332028101;PANDEMIA COVID-19;10/29/2020;10;N/A;;N/A;
N/A;http://dx.doi.org/10.18616/intcov36;Uso da tecnologia no combate Ã  covid-19;12/22/2020;94;N/A;;N/A;
N/A;http://dx.doi.org/10.18616/intcov15;MemÃ³rias da gripe espanhola... MemÃ³rias da covid-19;12/22/2020;47;N/A;;N/A;
N/A;http://dx.doi.org/10.18616/intcov24;SaÃºde e operaÃ§Ã£o da construÃ§Ã£o civil em tempos da covid-19;12/22/2020;68;N/A;;N/A;
N/A;http://dx.doi.org/10.47919/fmga.oc20.0022;LA RESPUESTA BRITÃNICA FRENTE A LA CRISIS DESATADA POR LA COVID-19;12/22/2020;N/A;N/A;;N/A;
N/A;http://dx.doi.org/10.18616/intcov22;O lugar da arte em tempos da covid-19;12/22/2020;62;N/A;;N/A;
N/A;http://dx.doi.org/10.18616/intcov31;Fitoterapia como terapia para a covid-19;12/22/2020;83;N/A;;N/A;
N/A;http://dx.doi.org/10.18616/intcov46;EducaÃ§Ã£o fÃ­sica e a covid-19;12/22/2020;114;N/A;;7;
N/A;http://dx.doi.org/10.18616/intcov56;Covid-19 e Equipamentos de ProteÃ§Ã£o Individual: uma realidade;12/22/2020;125;N/A;;N/A;
N/A;http://dx.doi.org/10.18616/intcov64;ContemplaÃ§Ã£o do pÃ´r do sol em tempos da covid-19;12/22/2020;133;N/A;;2;
N/A;http://dx.doi.org/10.18616/intcov65;Ser profissional de saÃºde em tempos da covid-19;12/22/2020;134;N/A;;N/A;
N/A;http://dx.doi.org/10.18616/intcov16;Na covid-19: resiliÃªncia para o idoso;12/22/2020;49;N/A;;N/A;
N/A;http://dx.doi.org/10.18616/intcov23;Idosos em tempos da covid;12/22/2020;65;N/A;;N/A;
N/A;http://dx.doi.org/10.18616/intcov33;InteraÃ§Ã£o e interdisciplinaridade em tempos da covid-19;12/22/2020;87;N/A;;N/A;
N/A;http://dx.doi.org/10.31219/osf.io/4xach;Legionnaireâ€™s disease and COVID-19:  Could Legionella be acting in conjunction with the Corona virus to aggravate the COVID-19 disease?;5/18/2020;N/A;N/A;;N/A;
N/A;http://dx.doi.org/10.20944/preprints202005.0298.v1;<strong></strong>COVID-19: Prediction of Vulnerable Areas Having High Risk of Becoming Hostspots and Providing Necessary Statistics during COVID-19 Pandemic;5/18/2020;N/A;N/A;;N/A;
N/A;http://dx.doi.org/10.23880/accmj-16000173;Percutaneous Tracheostomy in COVID-19 Patients;7/4/2020;N/A;N/A;;N/A;
N/A;http://dx.doi.org/10.23880/ooaj-16000192;COVID Lock Down and Household Ear Traumaâ€¦â€¦!;7/4/2020;N/A;N/A;;N/A;
N/A;http://dx.doi.org/10.31235/osf.io/6wk8h;Pandemik Panik!: Covid-19 Mengguncang Dunia (Pandemic Panic!: Covid-19 Shakes the World);6/11/2021;N/A;N/A;;N/A;
N/A;http://dx.doi.org/10.3386/w27621;Effects of State COVID-19 Closure Policy on NON-COVID-19 Health Care Utilization;6/2/2021;N/A;N/A;;N/A;
N/A;http://dx.doi.org/10.2174/2666796702666210601125131;Immunosuppressant Drugs And Covid-19: Associated Risks; Drug-Drug Interactions & Contraindications;6/2/2021;N/A;en;;N/A;
N/A;http://dx.doi.org/10.32843/infrastruct53-22;PUBLIC FINANCES OF UKRAINE IN THE CONDITIONS OF THE COVID-19 PANDEMIC;6/2/2021;N/A;uk;;N/A;
N/A;http://dx.doi.org/10.24292/01.mf.0120.2;COVID-19 â€“ what a pediatrician should know;5/22/2020;25;N/A;;N/A;
N/A;http://dx.doi.org/10.17268/rmt.2020.v15i04.03;COVID â€“ 19: Inflammation guided therapy;12/30/2020;144;N/A;;N/A;
N/A;http://dx.doi.org/10.17268/rmt.2020.v15i04.01;Vaccines against COVID-19;12/30/2020;139;N/A;;N/A;
N/A;http://dx.doi.org/10.12788/obgm.0030;COVID-SAFE: Strategies for safeguarding your outpatient clinical practice against COVID-19;3/19/2021;N/A;N/A;;N/A;
N/A;http://dx.doi.org/10.2139/ssrn.3628834;PEMANFAATAN INOVASI DALAM MENGHADAPI COVID-19 (Innovation Used to Face COVID-19);6/20/2020;N/A;en;;N/A;
N/A;http://dx.doi.org/10.47183/mes.2020.010;Hyperbaric oxygenation therapy for treating complicated COVID-19: first experience;10/24/2020;N/A;ru;;N/A;
N/A;http://dx.doi.org/10.2307/j.ctv18b5d3b.13;Food Insecurity and COVID-19;10/24/2020;98;N/A;;N/A;
N/A;http://dx.doi.org/10.5812/archcid.102949;The Role of Telemedicine to Control CoVID-19;5/17/2021;N/A;N/A;;N/A;
N/A;http://dx.doi.org/10.14267/retp2020.02.01;A COVID-19 vÃ¡lsÃ¡g integrÃ¡ciÃ³s hatÃ¡sai = The impact of the COVID-19 crisis on integration;11/16/2020;12;N/A;;N/A;
N/A;http://dx.doi.org/10.20944/preprints202002.0380.v2;Infodemiological Study on COVID-19 Epidemic and COVID-19 Infodemic;6/10/2020;N/A;N/A;;N/A;
N/A;http://dx.doi.org/10.2139/ssrn.3562329;Reponse agressive des Banques Centrales - COVID-19 (Agressive Response of the Central Bank to the COVID-19 Pandemic);6/10/2020;N/A;en;;N/A;
N/A;http://dx.doi.org/10.25060/residpediatr-2020.v10n2-00;Covid-19: The nemesis of the 21st century;6/12/2020;N/A;N/A;;N/A;
N/A;http://dx.doi.org/10.2139/ssrn.3623819;SIKAP BELA NEGARA DIMASA PANDEMI COVID-19 (State Defense Attitude in the COVID Pandemic 19);6/13/2020;N/A;en;;N/A;
N/A;http://dx.doi.org/10.1136/bmj.m1641;Covid-19: Trust withdraws guidance that doctors need not put â€œcovid-19â€ on death certificates;9/26/2020;1641;en;;N/A;
N/A;http://dx.doi.org/10.2174/2666796701999200709173251;Covid-19: Doomsday; Shoved Away?;7/10/2020;N/A;en;;N/A;
N/A;http://dx.doi.org/10.2307/j.ctv1gd0vg5.4;PRÃ“LOGO;2/16/2021;18;N/A;;N/A;
N/A;http://dx.doi.org/10.2307/j.ctv1gd0vg5.5;PRÃ“LOGO;2/16/2021;22;N/A;;N/A;
N/A;http://dx.doi.org/10.35948/2532-9006/2020.4357;<em>Il </em>COVID-19 <em>o la</em> COVID-19<em>? </em>;7/3/2020;N/A;it;;N/A;
N/A;http://dx.doi.org/10.47463/clder.2020.01.009;CRISIS PENITENCIARIA Y COVID-19;9/8/2020;N/A;N/A;;N/A;
N/A;http://dx.doi.org/10.2174/2666796701999201116123457;Impact of Novel Coronavirus (COVID-19) on Pregnant Women: A Review;11/17/2020;N/A;en;;N/A;
N/A;http://dx.doi.org/10.23880/oajds-16000281;Teledentistry; Escalating Horizon in COVID-19;2/15/2021;N/A;N/A;;N/A
N/A;http://dx.doi.org/10.23880/oajds-16000273;Oral Manifestations in COVID 19;2/15/2021;N/A;N/A;;N/A;
N/A;http://dx.doi.org/10.21203/rs.3.rs-77638/v1;ECIEN-2020 Study: the effect of COVID-19 on admissions for NON-COVID diseases;9/21/2020;N/A;N/A;;N/A;
N/A;http://dx.doi.org/10.25060/residpediatr-2020.v10n2-371;EmoÃ§Ãµes: Um movimento propulsor em tempos de COVID-19;9/21/2020;N/A;N/A;;N/A;
N/A;http://dx.doi.org/10.1158/1557-3265.covid-19-ia13;Abstract IA13: Treatment of COVID-19 pulmonary failure by targeting BTK;12/3/2020;N/A;N/A;;N/A;
N/A;http://dx.doi.org/10.1158/1557-3265.covid-19-ia24;Abstract IA24: Navigating the new normal: Trends shaping post-COVID-19 cancer care delivery;12/3/2020;N/A;N/A;;N/A;
N/A;http://dx.doi.org/10.1007/978-3-030-65355-2_2;Covid-Spiracy: Old Wine in New Barrels?;3/21/2021;22;N/A;;N/A;
N/A;http://dx.doi.org/10.32843/infrastruct47-13;APPLICATION OF MARKETING COMMUNICATIONS IN THE PERIOD OF COVID-19 PANDEMIC;11/13/2020;N/A;uk;;N/A;
N/A;http://dx.doi.org/10.1093/pubmed/fdab200;COVID-19 Survivors Philippines: towards the promotion of public health during the COVID-19 pandemic;6/10/2021;N/A;en;;32;
N/A;http://dx.doi.org/10.2174/2666796701999200615155630;A Preliminary Review on Novel Coronavirus Disease: COVID-19;6/10/2021;97;en;;N/A;
N/A;http://dx.doi.org/10.2174/2666796701999200617161348;COVID-19: Morphology; Characteristics; Symptoms; Prevention; Clinical Diagnosis and Current Scenario;6/10/2021;89;en;;N/A;
N/A;http://dx.doi.org/10.2174/2666796701999200617154655;COVID-19: Could Irisin Become the Handyman Myokine of the 21st Century?;6/10/2021;41;en;;N/A;
N/A;http://dx.doi.org/10.2174/2666796701999200625210746;Activity of Some Novel Chalcone Substituted 9-anilinoacridines against Coronavirus (COVID-19): A Computational Approach;6/10/2021;22;en;;N/A;
N/A;http://dx.doi.org/10.2174/2666796701999200629003417;A Note on the Potential BCG Vaccination â€“ COVID-19 Molecular Link;6/10/2021;6;en;;N/A;
N/A;http://dx.doi.org/10.2174/2666796701999200701131604;Potential Drug Options for Treatment of COVID-19: A Review;6/10/2021;48;en;;N/A;
N/A;http://dx.doi.org/10.23880/eij-16000164;Media Subjugating Public Health amidst Covid-19;6/7/2021;N/A;N/A;;N/A;
N/A;http://dx.doi.org/10.12659/msm.933446;Editorial: Long COVID; or Post-COVID Syndrome; and the Global Impact on Health Care;6/7/2021;N/A;en;;N/A;
N/A;http://dx.doi.org/10.46872/pj.212;Ã‡EVRÄ°MÄ°Ã‡Ä° COVÄ°D-19: SAÄžLIK PROFESYONELLERÄ°NÄ°N Ä°NSTAGRAM PAYLAÅžIMLARINDA COVÄ°D- 19'UN SUNUMU;1/21/2021;30;en;;N/A;
N/A;http://dx.doi.org/10.46610/jmrs.2021.v01i01.003;Ethical Issues related to COVID-19 versus Non-COVID-19 Patient Care;3/19/2021;13;N/A;;N/A;
N/A;http://dx.doi.org/10.1136/bmj.n15;Covid-19: Londonâ€™s Nightingale Hospital will reopen for non-covid cases;3/19/2021;15;en;;N/A;
N/A;http://dx.doi.org/10.36592/9786587424538-11;TEOLOGIA E COVID-19: A TRANSCENDÃŠNCIA SE FAZ COVID-19;1/11/2021;166;N/A;;N/A;
N/A;http://dx.doi.org/10.1136/bmj.m1268;Covid-19: medical students and FY1 doctors to be given early registration to help combat covid-19;6/8/2021;1268;en;;N/A;
N/A;http://dx.doi.org/10.1097/01.nt.0000696100.40790.dd;CDC Launches Neuro-COVID Unit to Determine Causality and Frequency of Neuro-COVID;1/24/2021;9;en;;N/A;
N/A;http://dx.doi.org/10.2174/2666796701999200905095159;COVID-19 Pandemic: Age and Temperature Related Effects;9/5/2020;N/A;en;;N/A;
N/A;http://dx.doi.org/10.2174/2666796702666210223160304;Worldâ€™s proposed safeguard against COVID-19 â€“ A brief review;2/24/2021;N/A;en;;N/A;
N/A;http://dx.doi.org/10.1101/2020.12.18.423439;SNPnexus COVID: Facilitating the analysis of COVID-19 host genetics;12/24/2020;N/A;N/A;;N/A;
N/A;http://dx.doi.org/10.2139/ssrn.3765053;COVID-19 Governance Challenges: The Boardâ€™s Role in COVID-19 Crisis Management;1/16/2021;N/A;en;;N/A;
N/A;http://dx.doi.org/10.2307/j.ctv15d81tx.18;The Social Problems of COVID-19;8/25/2020;142;N/A;;11;
N/A;http://dx.doi.org/10.18653/v1/2020.nlpcovid19-2.29;Concept Wikification for COVID-19;11/29/2020;N/A;N/A;;N/A;
N/A;http://dx.doi.org/10.1201/9781003098881-9;Physical Therapy Recommendations for Patients with COVID-19;11/12/2020;176;N/A;;N/A;
N/A;http://dx.doi.org/10.1201/9781003098881-2;Resource Allocation in Volunteered Cloud Computing and Battling COVID-19;11/12/2020;76;N/A;;N/A;
N/A;http://dx.doi.org/10.1201/9781003098881-10;AI in Fighting against COVID-19;11/12/2020;192;N/A;;N/A;
N/A;http://dx.doi.org/10.36104/amc.2020.2052;COVID-19 y SARS-CoV-2;2/21/2021;N/A;N/A;;N/A;
N/A;http://dx.doi.org/10.47919/fmga.oc20.0001;INTRODUCCIÃ“N: â€œLOS EFECTOS HORIZONTALES DE LA COVIDâ€;10/28/2020;N/A;N/A;;N/A;
N/A;http://dx.doi.org/10.32756/0869-5490-2020-3-14-24;COVID-19 and clinical pharmacology;10/28/2020;24;N/A;;N/A;
N/A;http://dx.doi.org/10.47919/fmga.oc20.0024;LA RESPUESTA A LA EMERGENCIA COVID-19: EL CASO ITALIANO;10/28/2020;N/A;N/A;;N/A;
N/A;http://dx.doi.org/10.25060/residpediatr-2020.v10n2-06;Ethics in COVID-19 times;10/6/2020;N/A;N/A;;N/A;
N/A;http://dx.doi.org/10.18297/jri/vol4/iss1/64;Considerations for a COVID-19 Research Data Warehouse in the Time of COVID;12/16/2020;N/A;N/A;;N/A;
N/A;http://dx.doi.org/10.31234/osf.io/3vaxg;COVID-19 therapeutic and prevention aminoquinolines against coronavirus disease (COVID-19): chloroquine or hydroxychloroquine review;9/24/2020;N/A;N/A;;N/A;
N/A;http://dx.doi.org/10.5222/kuhead.2020.06926;Pregnancy and COVID-19 Infection;10/6/2020;N/A;N/A;;N/A;
N/A;http://dx.doi.org/10.29388/978-65-86678-07-9-0-f.83-96;Capitalismo; covid-19 e a crise econÃ´mica: ruÃ­na ou revoluÃ§Ã£o.;9/11/2020;96;N/A;;N/A;
N/A;http://dx.doi.org/10.29388/978-65-86678-07-9-0-f.175-188;Notas preliminares sobre o terraplanismo e o Covid-19;9/11/2020;188;N/A;;N/A;
N/A;http://dx.doi.org/10.29388/978-65-86678-07-9-0-f.53-64;A Covid-19 no pior dos mundos: Brasil: 2020.;9/11/2020;64;N/A;;1;
N/A;http://dx.doi.org/10.21203/rs.3.rs-37993/v1;Fatality rate and predictors of mortality in a large Italian cohort of hospitalized COVID-19 patients;9/3/2020;N/A;N/A;;N/A;
N/A;http://dx.doi.org/10.2174/2666796701999201218141652;Remdesivir; A Potential Drug for COVID-19 Treatment: A New Hope;12/21/2020;N/A;en;;N/A;
N/A;http://dx.doi.org/10.46692/9781447359869.009;Experiencing Homelessness in the Time of COVID-19;3/23/2021;80;N/A;;31;
N/A;http://dx.doi.org/10.46692/9781447360377.005;COVID-19 and Social Inequalities: A Political View From Social Work;3/23/2021;36;N/A;;6;
N/A;http://dx.doi.org/10.46692/9781529215892.003;COVID-19 Pandemic Ignorance and the â€˜Worldsâ€™ of Development;3/23/2021;16;N/A;;2;
N/A;http://dx.doi.org/10.46692/9781447360377.010;Social Services; Social Work and COVID-19 in Palestine;3/23/2021;72;N/A;;N/A;
N/A;http://dx.doi.org/10.46692/9781447360377.004;Neoliberal Social Work and COVID-19;3/23/2021;30;N/A;;2;
N/A;http://dx.doi.org/10.46692/9781447360377.006;Social Work Responds to COVID-19: An International Overview;3/23/2021;42;N/A;;N/A;
N/A;http://dx.doi.org/10.46692/9781447360377.014;The Extent of COVID-19 in Sierra Leone;3/23/2021;100;N/A;;2;
N/A;http://dx.doi.org/10.46692/9781447360629.010;Food Insecurity and COVID-19;3/23/2021;98;N/A;;2;
N/A;http://dx.doi.org/10.46692/9781447360629.012;COVID-19 Requires an Intersectional Feminist Policy Response;3/23/2021;122;N/A;;2;
N/A;http://dx.doi.org/10.46692/9781447360377.011;Social Work and COVID-19 in South Africa;3/23/2021;80;N/A;;N/A;
N/A;http://dx.doi.org/10.46692/9781529215892.015;The Economics of COVID-19 in Italy and Lessons for Africa;3/23/2021;148;N/A;;N/A;
N/A;http://dx.doi.org/10.46692/9781447360377.013;Social Work and COVID-19 in Greece;3/23/2021;94;N/A;;N/A;
N/A;http://dx.doi.org/10.46692/9781529215892.017;COVID-19 and Global Inequality;3/23/2021;172;N/A;;N/A;
N/A;http://dx.doi.org/10.46692/9781447360377.001;Introduction: Social Work and COVID-19;3/23/2021;6;N/A;;N/A;
N/A;http://dx.doi.org/10.46692/9781447360377.003;Why Politics Matters: Understanding the Biopolitics of COVID-19;3/23/2021;24;N/A;;N/A;
N/A;http://dx.doi.org/10.46692/9781529215892.006;Development Education; COVID-19 and Neoliberalism;3/23/2021;48;N/A;;N/A;
N/A;http://dx.doi.org/10.46692/9781447360377.019;Roma Communitiesâ€™ Experiences of Racism During The COVID-19 Pandemic;3/23/2021;136;N/A;;1;
N/A;http://dx.doi.org/10.46692/9781529215892.009;Policy Milieu for Combatting COVID-19 and Sustainability of African Economies;3/23/2021;84;N/A;;N/A;
N/A;http://dx.doi.org/10.46692/9781529215892.014;Psychosocial Implications and Programming Responses Against COVID-19 in Africa;3/23/2021;138;N/A;;1;
N/A;http://dx.doi.org/10.46692/9781529215892.012;COVID-19 in Latin America: Uneven Responses; Uneven Impacts; Shared Challenges;3/23/2021;114;N/A;;N/A;
N/A;http://dx.doi.org/10.46692/9781447360377.008;Business As Usual? Social Work and the COVID-19 Pandemic in Chile;3/23/2021;60;N/A;;N/A;
N/A;http://dx.doi.org/10.46692/9781447360377.009;Social Work Responses to COVID-19 in Brazil;3/23/2021;64;N/A;;29;
N/A;http://dx.doi.org/10.46692/9781447360377.012;The Extent of the COVID-19 Crisis in in South Korea;3/23/2021;86;N/A;;N/A;
N/A;http://dx.doi.org/10.46692/9781447360377.018;Black Lives Matter: Racism; Poverty; Work and COVID-19;3/23/2021;130;N/A;;N/A;
N/A;http://dx.doi.org/10.46692/9781447360377.020;Re-Racialisation of Migrants and the â€˜Refugee Crisisâ€™ During COVID-19;3/23/2021;144;N/A;;N/A;
N/A;http://dx.doi.org/10.46692/9781447360377.007;Social Work and the COVID-19 Crisis in the United States;3/23/2021;52;N/A;;29;
N/A;http://dx.doi.org/10.46692/9781529215892.010;Africa and the Economic Pathologies of the COVID-19 Pandemic;3/23/2021;94;N/A;;N/A;
N/A;http://dx.doi.org/10.33210/ca.v9i2.300;TIPS de marketing en Ã©pocas de COVID y Post COVID;9/19/2020;99;N/A;;1;
N/A;http://dx.doi.org/10.2174/2666796702666210224125409;Antimicrobial Resistance: The Potent Enemy Lurking Behind COVID-19;2/25/2021;N/A;en;;15;
N/A;http://dx.doi.org/10.32440/ar.2020.137.02.doc01;Thrombotic coagulopathy and COVID-19;10/2/2020;146;es;;31;
N/A;http://dx.doi.org/10.31234/osf.io/h8w9e;The Effect of COVID-19 Anxiety on General Health: The Role of COVID-19 Coping;10/13/2020;N/A;N/A;;N/A;
N/A;http://dx.doi.org/10.25060/residpediatr-2020.v10n2-03;COVID-19 and search methodology;10/13/2020;N/A;N/A;;10;
N/A;http://dx.doi.org/10.36592/9786587424149-23;A ANÃLISE ECONÃ”MICA DOS CONTRATOS EM TEMPOS DE PANDEMIA (COVID-19);10/13/2020;404;N/A;;N/A;
N/A;http://dx.doi.org/10.36592/9786587424149-19;IMPACTOS DA PANDEMIA (COVID-19) NOS CONTRATOS EMPRESARIAS;10/13/2020;341;N/A;;N/A;
N/A;http://dx.doi.org/10.36592/9786587424149-25;Responsabilidade extracontratual do estado por OMISSÃƒO e a covid-19;10/13/2020;435;N/A;;N/A;
N/A;http://dx.doi.org/10.36592/9786587424149-2;O PROBLEMA DO DISTANCIAMENTO SOCIAL NA COVID-19: UMA ABORDAGEM COMPORTAMENTAL;10/13/2020;49;N/A;;N/A;
N/A;http://dx.doi.org/10.36592/9786587424149-7;TELETRABALHO E COVID-19;10/13/2020;129;N/A;;N/A;
N/A;http://dx.doi.org/10.48018/rmv311.7;BIOETICA UTILITARISTA Y COVID 19;11/3/2020;N/A;N/A;;N/A;
N/A;http://dx.doi.org/10.46840/ec.2020.13.07;Las industrias creativas versus COVID-19;10/7/2020;188;es;;N/A;
N/A;http://dx.doi.org/10.2139/ssrn.3770567;COVID-19 and International Trade Contracts: Is COVID-19 Force Majeure?;1/24/2021;N/A;en;;N/A;
N/A;http://dx.doi.org/10.1101/2020.08.18.20175521;Machine learning and AI aided tool to differentiate COVID 19 and non-COVID 19 lung CXR;1/23/2021;N/A;N/A;;N/A;
N/A;http://dx.doi.org/10.48195/sepe2020-292;MONITOR KIDS COVID-19: PLATAFORMA PARA A RETOMADA DAS ATIVIDADES ESCOLARES NA PANDEMIA DA COVID-19;1/22/2021;N/A;N/A;;N/A;
N/A;http://dx.doi.org/10.29315/gm.v7i2.349;Pandemia COVID-19: Impacto (TambÃ©m) na Cardiologia;3/30/2021;N/A;N/A;;N/A;
N/A;http://dx.doi.org/10.29315/gm.v7i2.346;75 Anos Hospital CUF e COVID-19;3/30/2021;N/A;N/A;;31;
N/A;http://dx.doi.org/10.30532/mce.2020.13.2.91;COVID-19 and Islamic World;11/9/2020;126;en;;N/A;
N/A;http://dx.doi.org/10.1016/j.jclinepi.2020.06.038;The importance of publishing non-COVID-19 research during COVID-19;10/21/2020;192;en;;N/A;
N/A;http://dx.doi.org/10.2307/j.ctv1850gc4.9;COVID-19 and social inequalities:;10/21/2020;36;N/A;;N/A;
N/A;http://dx.doi.org/10.2307/j.ctv1850gc4.7;Why politics matters:;10/21/2020;24;N/A;;N/A;
N/A;http://dx.doi.org/10.2307/j.ctv1850gc4.10;Social work responds to COVID-19:;10/21/2020;42;N/A;;N/A;
N/A;http://dx.doi.org/10.2307/j.ctv1850gc4.13;Social work responses to COVID-19 in Brazil;10/21/2020;64;N/A;;1;
N/A;http://dx.doi.org/10.2307/j.ctv1850gc4.24;Re-racialisation of migrants and the â€˜refugee crisisâ€™ during COVID-19;10/21/2020;144;N/A;;N/A;
N/A;http://dx.doi.org/10.2307/j.ctv1850gc4.5;Introduction:;10/21/2020;6;N/A;;N/A;
N/A;http://dx.doi.org/10.2307/j.ctv1850gc4.11;Social work and the COVID-19 crisis in the United States;10/21/2020;52;N/A;;N/A;
N/A;http://dx.doi.org/10.2307/j.ctv1850gc4.16;The extent of the COVID-19 crisis in South Korea;10/21/2020;86;N/A;;30;
N/A;http://dx.doi.org/10.2307/j.ctv1850gc4.8;Neoliberal social work and COVID-19;10/21/2020;30;N/A;;N/A;
N/A;http://dx.doi.org/10.2307/j.ctv1850gc4.15;Social work and COVID-19 in South Africa;10/21/2020;80;N/A;;N/A;
N/A;http://dx.doi.org/10.2307/j.ctv1850gc4.19;Class; inequality and the COVID-19 pandemic;10/21/2020;110;N/A;;N/A;
N/A;http://dx.doi.org/10.2307/j.ctv1850gc4.17;Social work and COVID-19 in Greece;10/21/2020;94;N/A;;N/A;
N/A;http://dx.doi.org/10.2307/j.ctv1850gc4.18;The extent of COVID-19 in Sierra Leone;10/21/2020;100;N/A;;N/A;
N/A;http://dx.doi.org/10.2307/j.ctv1850gc4.22;Black Lives Matter:;10/21/2020;130;N/A;;N/A;
N/A;http://dx.doi.org/10.2307/j.ctv1850gc4.14;Social services; social work and COVID-19 in Palestine;10/21/2020;72;N/A;;N/A;
N/A;http://dx.doi.org/10.2307/j.ctv1850gc4.23;Roma communitiesâ€™ experiences of racism during the COVID-19 pandemic;10/21/2020;136;N/A;;137;
